pseudo_time_s,step,cd,cl,cs,pitch_Nm,front_lift_N,rear_lift_N,front_static_N,rear_static_N,front_tyre_total_N,rear_tyre_total_N
0.0003252272726967931,1,2.0527156585589323,-0.5375335790052704,0.0002512759975750338,1944.5614962399006,174.90289508213607,-733.7967976358414,7649.187,5099.457999999999,7474.284104917864,5833.25479763584
0.000731761334463954,2,3.0641987201916088,-0.9612695824153247,0.00510028566875241,3104.0687221467497,171.8785173504433,-1171.3466981410684,7649.187,5099.457999999999,7477.308482649557,6270.804698141067
0.0011382953962311149,3,3.5987330986196344,-1.1997843717471814,0.005697470061677423,3811.529034584761,190.8518678085345,-1438.312856179929,7649.187,5099.457999999999,7458.335132191465,6537.770856179928
0.0015448294579982758,4,3.681714929559881,-1.2423066241999512,-0.00043067647673866965,4038.7604827523232,232.3875978479589,-1524.060573241041,7649.187,5099.457999999999,7416.799402152041,6623.51857324104
0.0019513635197654366,5,3.397459858516346,-1.1182558536030285,-0.009000486718829382,3839.84758810401,286.306384731183,-1448.9991028871098,7649.187,5099.457999999999,7362.880615268817,6548.457102887109
0.0023578975815325975,6,2.856444559156244,-0.8738849079667438,-0.01563285282331434,3308.6395469635727,339.93219214647127,-1248.5432365023257,7649.187,5099.457999999999,7309.254807853528,6348.001236502325
0.002768048085272312,7,2.1806363377241653,-0.5704023098355938,-0.017815350795503365,2578.65935548842,380.01025117808956,-973.0790108258232,7649.187,5099.457999999999,7269.17674882191,6072.537010825822
0.003178198589012027,8,1.4748363296543467,-0.2604252975312417,-0.015315526290820404,1773.2873514384032,398.3910563180936,-669.1650442990722,7649.187,5099.457999999999,7250.7959436819065,5768.623044299071
0.0035883490927517414,9,0.8249375317590887,0.007263544756431471,-0.009568721312670544,1014.141894453764,390.24723894104164,-382.69505795393405,7649.187,5099.457999999999,7258.9397610589585,5482.153057953933
0.0039984998293221,10,0.2899699062642184,0.19600145870154553,-0.002744419298578392,397.48750380873685,353.78538271946076,-149.99528580562384,7649.187,5099.457999999999,7295.4016172805395,5249.453285805623
0.004408650565892458,11,-0.09789281283291904,0.2915949718898941,0.003298229936530644,-25.92227203845978,293.4002825481096,9.78198953648324,7649.187,5099.457999999999,7355.786717451891,5089.676010463516
0.004819829948246479,12,-0.330391168608232,0.2969043808419732,0.007359468453506177,-240.60229157805443,217.90934610077318,90.79331839348522,7649.187,5099.457999999999,7431.277653899227,5008.664681606513
0.0052310093306005,13,-0.41950657669934355,0.22613756247607145,0.00898932825738056,-262.76770996153357,135.96611147004364,99.1576272926927,7649.187,5099.457999999999,7513.220888529956,5000.300372707306
0.005642188712954521,14,-0.3892102918832952,0.10007987410235133,0.008620822004682638,-128.29595347940923,55.643245757624726,48.413567786293825,7649.187,5099.457999999999,7593.543754242375,5051.044432213705
0.006053368095308542,15,-0.27091936137459494,-0.05606622589661316,0.007043918856565248,115.43041690289975,-14.73551792059449,-43.5586482797807,7649.187,5099.457999999999,7663.922517920594,5143.0166482797795
0.006464547477662563,16,-0.09724376681587912,-0.21757984718291595,0.0049994406437873845,418.497726944089,-68.30228797171696,-157.92367196576706,7649.187,5099.457999999999,7717.489287971717,5257.381671965766
0.006868456024676561,17,0.10421857560071078,-0.3658047326564247,0.0030538979603790426,739.3202386289836,-101.35218286770919,-278.98877180399785,7649.187,5099.457999999999,7750.539182867709,5378.446771803997
0.007272364571690559,18,0.3057498793549971,-0.4815590051821687,0.0015371705493974416,1032.243497133255,-111.16917898590742,-389.52585147934906,7649.187,5099.457999999999,7760.356178985908,5488.983851479348
0.007676273118704557,19,0.4893843957450173,-0.5558011887969212,0.00048786994936791326,1269.0438154488802,-99.00296134008374,-478.8844629684436,7649.187,5099.457999999999,7748.189961340084,5578.342462968442
0.008080181665718555,20,0.6439222963350469,-0.5862534712043134,-0.00013961512136188422,1434.072305546701,-68.39044353507722,-541.1593654524323,7649.187,5099.457999999999,7717.577443535077,5640.617365452431
0.00848409067839384,21,0.7638448706583544,-0.5766829834585839,-0.0004432395256750963,1524.821372869611,-24.194715682276524,-575.4042968257805,7649.187,5099.457999999999,7673.381715682276,5674.86229682578
0.008883454836905003,22,0.850102073353854,-0.5359408201525698,-0.0004988782925768332,1550.7031711429358,27.93316204290818,-585.1710132432075,7649.187,5099.457999999999,7621.2538379570915,5684.629013243206
0.009282818995416164,23,0.904455795026259,-0.4758963927846063,-0.00037036425737833434,1526.1691710948944,81.10550080055094,-575.912899934237,7649.187,5099.457999999999,7568.081499199449,5675.370899934236
0.009682183153927326,24,0.932022861328125,-0.40895405849592253,-0.00014467668687416748,1470.3687118560076,129.65118916791408,-554.8561226735126,7649.187,5099.457999999999,7519.535810832086,5654.3141226735115
0.010081547312438488,25,0.9389551046380129,-0.3466832281846079,0.00006562598737803373,1403.5212912499906,169.1710742433496,-529.6306807084416,7649.187,5099.457999999999,7480.01592575665,5629.088680708441
0.01048091147094965,26,0.9318474126018177,-0.2975177009662173,0.00018185557968914507,1341.7655337631704,196.98626454819998,-506.32662106978785,7649.187,5099.457999999999,7452.2007354518,5605.784621069786
0.010878107510507107,27,0.9165463180108504,-0.26612447959493507,0.00016420841310511934,1295.7968030542136,212.28028790872094,-488.9799300801523,7649.187,5099.457999999999,7436.906712091279,5588.437930080151
0.011275303550064564,28,0.8970851236516779,-0.2548410741944204,-0.000027919191846793346,1272.2324024468662,215.11984264832006,-480.0877033558676,7649.187,5099.457999999999,7434.06715735168,5579.545703355866
0.01167249958962202,29,0.87666161173387,-0.26215417972992766,-0.00039681988416747613,1271.0979067087173,207.0880198498768,-479.6595917527144,7649.187,5099.457999999999,7442.098980150123,5579.117591752713
0.012069695629179478,30,0.8572613645527579,-0.283842786105817,-0.000901621749705889,1288.1101637780666,190.95727883768717,-486.0793114592832,7649.187,5099.457999999999,7458.229721162313,5585.537311459282
0.012466891668736935,31,0.8398427004172585,-0.3142402872950109,-0.0014563678195733914,1316.4060564398767,170.02954769416095,-496.7570068994289,7649.187,5099.457999999999,7479.157452305839,5596.215006899428
0.012862719595432281,32,0.8244736298873208,-0.34732164964963086,-0.0019603464284810154,1348.071171951294,147.58270989831868,-508.7061071999218,7649.187,5099.457999999999,7501.604290101681,5608.16410719992
0.013258547522127628,33,0.810745890936418,-0.37764218157177626,-0.0023153364918042313,1376.0898950099945,126.63041429596711,-519.2792103360663,7649.187,5099.457999999999,7522.556585704033,5618.737210336065
0.013654375448822975,34,0.797844764437242,-0.40113913733368567,-0.002427540612176738,1395.0957507893445,109.37176574173282,-526.4512314494037,7649.187,5099.457999999999,7539.815234258267,5625.909231449403
0.014050203375518322,35,0.7848345933021198,-0.41553427322639663,-0.0022273713651570406,1402.255990239978,97.10657809050565,-529.1532086248957,7649.187,5099.457999999999,7552.080421909494,5628.611208624894
0.014446031302213669,36,0.771003610871055,-0.4201200808583606,-0.001710981828340075,1396.5665389791131,90.19157846081504,-527.0062458656306,7649.187,5099.457999999999,7558.9954215391845,5626.464245865629
0.014841348864138126,37,0.7559277619119124,-0.41577896499622946,-0.0009321224080466411,1379.8685396134854,88.40406819166611,-520.7051139728538,7649.187,5099.457999999999,7560.782931808334,5620.163113972852
0.015236666426062584,38,0.7396364943408966,-0.40485351209537546,0.000012892402501946145,1355.4593375444413,90.55265323162774,-511.4940942412871,7649.187,5099.457999999999,7558.634346768372,5610.9520942412855
0.015631983056664467,39,0.7224971414462003,-0.3901491027542678,0.0009998677450418472,1327.2589540049435,95.19972704653628,-500.85243997969667,7649.187,5099.457999999999,7553.987272953464,5600.310439979696
0.01602729968726635,40,0.7051613282619823,-0.37445362835916607,0.001900851930312135,1298.9298068583012,100.82865847509498,-490.1621956772372,7649.187,5099.457999999999,7548.358341524905,5589.620195677236
0.016422616317868233,41,0.6884536448972876,-0.36029173304037615,0.0026012852071665904,1273.8649207547307,106.09486662324304,-480.70374800588723,7649.187,5099.457999999999,7543.0921333767565,5580.161748005886
0.016818208619952202,42,0.6733893866625699,-0.34941592658335513,0.0030147087783637372,1254.3316514000298,110.03180701188859,-473.3327029000607,7649.187,5099.457999999999,7539.155192988112,5572.79070290006
0.01721380092203617,43,0.6609176718156987,-0.3428140563056686,0.003095690830197524,1241.5032893747093,112.05512875467906,-468.4918115261979,7649.187,5099.457999999999,7537.131871245321,5567.949811526197
0.01760939322412014,44,0.6518502736811205,-0.3406420266274972,0.0028420370090685106,1235.5296032205224,112.05924858683625,-466.23759031565766,7649.187,5099.457999999999,7537.127751413163,5565.695590315657
0.01800498552620411,45,0.6468266695430062,-0.342347237914909,0.0023039045787196268,1235.6978756904603,110.34977524857186,-466.3010893614885,7649.187,5099.457999999999,7538.837224751428,5565.759089361487
0.01840057782828808,46,0.64622478979891,-0.3468823237569224,0.001558286405402151,1240.7401892572643,107.5372355867014,-468.2038492151373,7649.187,5099.457999999999,7541.649764413299,5567.661849215136
0.018796678632497787,47,0.650138894030831,-0.3528832834716277,0.0007040606475892392,1248.9547172218563,104.39763371057882,-471.30367111645717,7649.187,5099.457999999999,7544.789366289421,5570.761671116456
0.019192779436707497,48,0.6583684199601954,-0.35906636735347186,-0.00015364227795465425,1258.8937408477068,101.71942356569502,-475.05424610335194,7649.187,5099.457999999999,7547.467576434305,5574.512246103351
0.019588880240917206,49,0.6704660430544073,-0.3642522825001586,-0.0009153515523401173,1269.2379678919913,100.23091425419415,-478.95772804197486,7649.187,5099.457999999999,7548.9560857458055,5578.415728041973
0.019984981045126915,50,0.6857543990213221,-0.3675298987727815,-0.0015051528443667023,1278.8961123526096,100.46763604725066,-482.6023108900926,7649.187,5099.457999999999,7548.7193639527495,5582.060310890091
0.020381081849336624,51,0.7033853040816568,-0.3683761480609937,-0.001867546127533371,1287.1774889558556,102.71280660027969,-485.7273586930182,7649.187,5099.457999999999,7546.47419339972,5585.1853586930165
0.02077748253941536,52,0.7223718894871798,-0.36663464756239544,-0.0019776561815223912,1293.6469114854933,106.96480178627326,-488.16865023560035,7649.187,5099.457999999999,7542.222198213727,5587.626650235599
0.021173883229494095,53,0.7416966809827631,-0.3625514717111804,-0.0018456783216378905,1298.1995965123178,112.92822783319747,-489.88664460080213,7649.187,5099.457999999999,7536.258772166802,5589.344644600801
0.02157028391957283,54,0.7603616845477711,-0.3565700013207305,-0.0014959833006425336,1300.8090489059687,120.13208685168553,-490.8713436261334,7649.187,5099.457999999999,7529.054913148314,5590.329343626132
0.021966684609651566,55,0.777433035590432,-0.34931083643739874,-0.0009764878784391012,1301.5013135090471,127.94094584785051,-491.1325755541737,7649.187,5099.457999999999,7521.24605415215,5590.590575554173
0.0223630852997303,56,0.7920980763712796,-0.34142182508614927,-0.000344172873408957,1300.2072237998248,135.6551122613875,-490.6442398104509,7649.187,5099.457999999999,7513.531887738613,5590.10223981045
0.022756483405828476,57,0.8037571684507889,-0.33352230968258595,0.0003413101413642818,1296.992897091806,142.65558239172407,-489.43128632481404,7649.187,5099.457999999999,7506.531417608276,5588.889286324813
0.02314988151192665,58,0.8117852297791567,-0.326297137052471,0.0010086922075193037,1292.0174778714777,148.29034973041576,-487.5537696210058,7649.187,5099.457999999999,7500.896650269584,5587.0117696210045
0.023543279618024826,59,0.8158605086413298,-0.3201925736774097,0.0015932152695479717,1285.3978803217412,152.13953277265858,-485.05580825900864,7649.187,5099.457999999999,7497.047467227341,5584.513808259007
0.023936677724123,60,0.8159596452869068,-0.3154526701566306,0.0020421199674904348,1277.232987985015,153.98669746551968,-481.97471678346704,7649.187,5099.457999999999,7495.20030253448,5581.432716783465
0.024330075830221176,61,0.8123029623569141,-0.31213036229122765,0.0023135041042010892,1267.651064530015,153.82520584819656,-478.3588965792377,7649.187,5099.457999999999,7495.361794151803,5577.8168965792365
0.024718984961509705,62,0.8053073590044542,-0.31005098052003166,0.0023798174796321172,1256.6587549686433,151.8391759921842,-474.2108551980042,7649.187,5099.457999999999,7497.347824007816,5573.668855198003
0.025107894092798233,63,0.79561064445669,-0.30897513066448945,0.002226308714970946,1244.4921226769686,148.36659555922233,-469.6196731598393,7649.187,5099.457999999999,7500.820404440778,5569.077673159838
0.02549680322408676,64,0.7839177445350993,-0.30852736890597776,0.0018533908600427886,1231.237548647821,143.8304242259768,-464.6179470661042,7649.187,5099.457999999999,7505.356575774023,5564.075947066103
0.02588571235537529,65,0.7710303656543385,-0.30831328975552863,0.0012808210041509434,1217.096934990585,138.7169297063234,-459.28186639272377,7649.187,5099.457999999999,7510.470070293676,5558.739866392722
0.02627462148666382,66,0.757769779435938,-0.30794772060984915,0.0005457640672339634,1202.2965918645264,133.51199052018723,-453.6968312005667,7649.187,5099.457999999999,7515.675009479813,5553.154831200565
0.026660310104489326,67,0.7447871116837588,-0.3070966546911543,-0.00030424038796939636,1186.9413760066034,128.60245467157006,-447.9024100699732,7649.187,5099.457999999999,7520.58454532843,5547.360410069972
0.027045998722314835,68,0.7329021456683765,-0.3055581494726918,-0.0011962554843452844,1171.5183163791896,124.38207392530171,-442.0823875167,7649.187,5099.457999999999,7524.804926074698,5541.5403875166985
0.027431687340140343,69,0.7227038093766299,-0.30321281434731046,-0.0020558594694191756,1156.3497939735653,121.09663639656065,-436.3584167460984,7649.187,5099.457999999999,7528.090363603439,5535.816416746097
0.02781737595796585,70,0.7146502182015505,-0.3000445990767262,-0.0028056878991560502,1141.7365983843804,118.87633563088798,-430.8440032666045,7649.187,5099.457999999999,7530.310664369112,5530.302003266604
0.02820306457579136,71,0.7090361930907856,-0.2961582636874372,-0.0033682663553546775,1128.022855040431,117.7421073376101,-425.66900573176264,7649.187,5099.457999999999,7531.44489266239,5525.1270057317615
0.028586622327566147,72,0.7059795637009361,-0.29171015938932243,-0.0036883142792433496,1115.4458537623286,117.62093060585545,-420.92296747091103,7649.187,5099.457999999999,7531.5660693941445,5520.38096747091
0.028970180079340935,73,0.7055145761489867,-0.28691978061480955,-0.0037244960558888585,1104.2722594588995,118.38521707770212,-416.70651675243664,7649.187,5099.457999999999,7530.801782922298,5516.164516752436
0.029353737831115723,74,0.7075051760985634,-0.2820109258230166,-0.003454951417622241,1094.643437150121,119.85562035926347,-413.07299886737684,7649.187,5099.457999999999,7529.3313796407365,5512.530998867375
0.02973729558289051,75,0.711701659004038,-0.2771652717154676,-0.0028828735171461646,1086.5857403159143,121.85318905254599,-410.0323585252255,7649.187,5099.457999999999,7527.3338109474535,5509.490358525224
0.0301208533346653,76,0.717764521928267,-0.27255202393168754,-0.0020403947044502603,1080.0313246026635,124.17639203970765,-407.55899408287814,7649.187,5099.457999999999,7525.010607960292,5507.016994082876
0.03050297684967518,77,0.7253110482111844,-0.26826965466044167,-0.000986542739685286,1074.784725767374,126.64908398582617,-405.57914544797524,7649.187,5099.457999999999,7522.537916014174,5505.037145447974
0.03088510036468506,78,0.7338797109239752,-0.2644143840063702,0.00019751794330098412,1070.706322915852,129.118534094646,-404.04012549015823,7649.187,5099.457999999999,7520.068465905354,5503.498125490157
0.03126722574234009,79,0.7430168003160303,-0.260980328084122,0.001417654856788841,1067.483124728501,131.47275013033442,-402.82382427644126,7649.187,5099.457999999999,7517.714249869666,5502.28182427644
0.03164935111999512,80,0.7522783408199657,-0.2579260578277978,0.0025710980924151163,1064.7632477864624,133.62202125570013,-401.79745560983406,7649.187,5099.457999999999,7515.5649787443,5501.255455609833
0.032031476497650146,81,0.7612615326586636,-0.25515963204958225,0.003556213262074373,1062.1273007005454,135.5036812826923,-400.80275858733125,7649.187,5099.457999999999,7513.683318717308,5500.26075858733
0.03241251781582832,82,0.7695958765853536,-0.25257919361610304,0.004288501465997912,1059.2020222991705,137.08278163467787,-399.69887993537145,7649.187,5099.457999999999,7512.104218365322,5499.15687993537
0.0327935591340065,83,0.7769123570693623,-0.2500966203609109,0.004696097417243502,1055.6949399128557,138.3405792002141,-398.3754526078742,7649.187,5099.457999999999,7510.846420799786,5497.8334526078725
0.03317460045218468,84,0.7829336269257284,-0.24762050933873112,0.004740642309222709,1051.3173513293268,139.2631648311919,-396.72353237281243,7649.187,5099.457999999999,7509.923835168808,5496.1815323728115
0.033555641770362854,85,0.7874576868594776,-0.2451061339956522,0.004414864644096656,1045.913533869386,139.8382791341633,-394.6843559544884,7649.187,5099.457999999999,7509.348720865836,5494.142355954487
0.03393668308854103,86,0.7903578469822623,-0.24251784487561745,0.0037402384355257855,1039.3713131636382,140.06065823985062,-392.2155934018063,7649.187,5099.457999999999,7509.126341760149,5491.673593401805
0.034316811710596085,87,0.7916013242470133,-0.23983662262055006,0.002767104610326615,1031.6324107900264,139.9280854334294,-389.2952528571881,7649.187,5099.457999999999,7509.258914566571,5488.753252857186
0.03469694033265114,88,0.7912226998849349,-0.23709240988254546,0.0015767650290443138,1022.7888776287438,139.44416439356343,-385.95807050215143,7649.187,5099.457999999999,7509.7428356064365,5485.41607050215
0.03507706895470619,89,0.7893377743981101,-0.23432647426022724,0.0002663142936879938,1012.9966594949366,138.62483512200333,-382.2628938146393,7649.187,5099.457999999999,7510.562164877996,5481.720893814638
0.035457197576761246,90,0.7861258411268754,-0.23158105185193095,-0.0010572038459642366,1002.4455878362061,137.49781766611136,-378.2813573038251,7649.187,5099.457999999999,7511.689182333888,5477.739357303823
0.0358373261988163,91,0.7818336420301958,-0.22889836312871087,-0.00228612188425931,991.3611633598805,136.10430841965373,-374.09855557701326,7649.187,5099.457999999999,7513.082691580346,5473.556555577012
0.03621673211455345,92,0.7767543943249096,-0.22630655359325083,-0.0033242524985156274,979.9984442546964,134.5112918176644,-369.8107370081779,7649.187,5099.457999999999,7514.675708182335,5469.268737008177
0.036596138030290604,93,0.7712185504063692,-0.2238235509905219,-0.004088912794915112,968.6049401283265,132.7935275614321,-365.5113014501113,7649.187,5099.457999999999,7516.393472438568,5464.96930145011
0.036975543946027756,94,0.7655396931943027,-0.2214928105415607,-0.004524845212860541,957.4752042323352,131.01698579276993,-361.3114010742152,7649.187,5099.457999999999,7518.1700142072295,5460.769401074214
0.03735494986176491,95,0.7600300747021761,-0.21933177535469559,-0.004604221380772915,946.8530600503087,129.25553911769893,-357.30304474304796,7649.187,5099.457999999999,7519.931460882301,5456.761044743047
0.03773435577750206,96,0.7549895193464106,-0.21733816458642483,-0.004329920251599766,936.9321439504624,127.5846293433774,-353.5593027848955,7649.187,5099.457999999999,7521.602370656623,5453.017302784894
0.03811327740550041,97,0.7506578611824729,-0.21552454324019227,-0.003732358666997064,927.9547105282546,126.08260899189528,-350.1715920290551,7649.187,5099.457999999999,7523.104391008104,5449.629592029054
0.038492199033498764,98,0.7472366707810488,-0.21390087207230654,-0.0028681679465012116,920.0931348592044,124.8041686887473,-347.204959674421,7649.187,5099.457999999999,7524.382831311253,5446.66295967442
0.038871120661497116,99,0.7448736950293454,-0.21245239240932193,-0.0018173595330119132,913.3975722968579,123.7835801311212,-344.6783322696716,7649.187,5099.457999999999,7525.403419868879,5444.136332269671
0.03925004228949547,100,0.7436723006525906,-0.21116717588668518,-0.0006677633676474745,907.9247382164002,123.05464771736158,-342.6131118433711,7649.187,5099.457999999999,7526.132352282639,5442.07111184337
0.03962896391749382,101,0.7436706554187428,-0.21004522017928687,0.0004888516952910207,903.6904835939408,122.62335536544484,-341.01527989599197,7649.187,5099.457999999999,7526.563644634555,5440.47327989599
0.04000762850046158,102,0.7448383079650186,-0.20906922486744142,0.001563691959557208,900.6259650021792,122.48171232110829,-339.85885777548896,7649.187,5099.457999999999,7526.705287678891,5439.316857775488
0.04038629308342934,103,0.7470720544884422,-0.20822801867690952,0.0024748887146602977,898.604378283024,122.59348315270003,-339.09599485573676,7649.187,5099.457999999999,7526.5935168473,5438.553994855735
0.040764957666397095,104,0.750219577289928,-0.20753494812661952,0.0031586806188388305,897.5597728177905,122.91990395579353,-338.7018041105928,7649.187,5099.457999999999,7526.2670960442065,5438.159804110592
0.04114362224936485,105,0.7540779553699494,-0.2070103287348422,0.00357225938944654,897.404242900014,123.4066799560733,-338.6431135750547,7649.187,5099.457999999999,7525.780320043927,5438.101113575053
0.04152228683233261,106,0.7584356323580308,-0.20665280894913457,0.003696510696627877,898.0028258174658,124.00428708767879,-338.8689939232952,7649.187,5099.457999999999,7525.182712912321,5438.326993923294
0.04190085455775261,107,0.7630521383805708,-0.20647315665315497,0.0035348908896608786,899.2274700120092,124.65320823338513,-339.3311238121863,7649.187,5099.457999999999,7524.533791766615,5438.789123812185
0.04227942228317261,108,0.7676681351306222,-0.20645991138786077,0.0031132910356602888,900.8698674157263,125.28675244520522,-339.95089642293857,7649.187,5099.457999999999,7523.900247554795,5439.408896422938
0.042657990008592606,109,0.7720469922221791,-0.2066007792318951,0.002477432270293886,902.7367699578405,125.84477837514407,-340.65538795460293,7649.187,5099.457999999999,7523.3422216248555,5440.113387954601
0.043036557734012604,110,0.7759825830199502,-0.20687678081599148,0.0016858933179080486,904.6477717131377,126.27894187984282,-341.3765206989389,7649.187,5099.457999999999,7522.908058120157,5440.834520698938
0.0434151254594326,111,0.7793029514434121,-0.20728125708590855,0.0008071427586810155,906.4807276546956,126.55007416533411,-342.0682021925423,7649.187,5099.457999999999,7522.636925834666,5441.526202192541
0.04379376769065857,112,0.7818953669513355,-0.20778770819306375,-0.00008535605098713528,908.0876509696246,126.62988404118491,-342.6745883545749,7649.187,5099.457999999999,7522.557115958815,5442.132588354573
0.04417240992188454,113,0.7836714881125363,-0.20837131142247806,-0.0009249288482828574,909.3451921641828,126.49763363965204,-343.1491322058474,7649.187,5099.457999999999,7522.689366360348,5442.607132205846
0.044551052153110504,114,0.7845833811638572,-0.20902337980530478,-0.0016515949369831518,910.2140330925585,126.14751809305852,-343.47699671007103,7649.187,5099.457999999999,7523.039481906942,5442.93499671007
0.04492969438433647,115,0.7846299038939042,-0.20974931863400068,-0.002216113543957472,910.7152598097921,125.58187431727805,-343.66613886921937,7649.187,5099.457999999999,7523.605125682722,5443.124138869218
0.04530833661556244,116,0.7838558615372397,-0.2105466434100541,-0.0025829771216349167,910.8864261105657,124.81745678236908,-343.7307299266962,7649.187,5099.457999999999,7524.369543217631,5443.188729926695
0.045687273144721985,117,0.7823516421656175,-0.2114206590566852,-0.0027365652313422074,910.7942814782263,123.87393824441486,-343.69595836701,7649.187,5099.457999999999,7525.313061755585,5443.153958367009
0.04606620967388153,118,0.7802309079265594,-0.2123799987546964,-0.002679137868501923,910.5413703158498,122.78103846176731,-343.60052019166966,7649.187,5099.457999999999,7526.405961538233,5443.058520191668
0.04644514620304108,119,0.7776305219390176,-0.2134437163668329,-0.002425290117168968,910.2630916044117,121.57004037141488,-343.49550935621994,7649.187,5099.457999999999,7527.616959628585,5442.953509356219
0.04682408273220062,120,0.7747222310829163,-0.21462327054164626,-0.0020042501986839555,910.0983154177667,120.28143378691689,-343.4333296625869,7649.187,5099.457999999999,7528.905566213083,5442.891329662586
0.04720301926136017,121,0.7716858355132017,-0.21590217728668995,-0.0014543244197829203,910.1171987354757,118.95883206806153,-343.44045544291856,7649.187,5099.457999999999,7530.2281679319385,5442.898455442917
0.047582488507032394,122,0.7686918283107064,-0.21726890811454164,-0.000821433266563849,910.4033803731204,117.64578363480373,-343.5484485146995,7649.187,5099.457999999999,7531.541216365196,5443.006448514699
0.04796195775270462,123,0.7658887737829035,-0.21873717387638308,-0.00015539344473318619,911.0992132529617,116.38175088325247,-343.81102696228504,7649.187,5099.457999999999,7532.805249116747,5443.2690269622835
0.048341426998376846,124,0.7634169843656367,-0.22029055660453709,0.0004931033307584849,912.244097955525,115.19867233633727,-344.24305892940345,7649.187,5099.457999999999,7533.988327663663,5443.701058929402
0.04872089624404907,125,0.7613810128159957,-0.22191304348631338,0.001078337226699699,913.8735910773278,114.1266147020761,-344.8579619997669,7649.187,5099.457999999999,7535.060385297924,5444.315961999766
0.0491003654897213,126,0.7598441611706127,-0.22359885685183783,0.0015609346562488514,916.0272947221995,113.18652943165003,-345.67068036363423,7649.187,5099.457999999999,7536.00047056835,5445.128680363633
0.049480631947517395,127,0.7588491285428134,-0.22534223057009958,0.001911178384423256,918.7161104977132,112.38852560280645,-346.68532783522096,7649.187,5099.457999999999,7536.798474397194,5446.14332783522
0.04986089840531349,128,0.7583972060914472,-0.2271529068563201,0.002112876168990677,921.9643685460092,111.73165505333887,-347.91108560032296,7649.187,5099.457999999999,7537.455344946661,5447.369085600321
0.05024116486310959,129,0.7584616926852139,-0.2290294774249467,0.0021592572089081464,925.7485522657634,111.20850784150582,-349.3390794696815,7649.187,5099.457999999999,7537.978492158494,5448.79707946968
0.050621431320905685,130,0.7589929627678611,-0.2309736378700083,0.002055200719494711,930.046291255951,110.80887933350897,-350.96086778245666,7649.187,5099.457999999999,7538.378120666491,5450.418867782455
0.05100169777870178,131,0.7599131477893483,-0.23298522982510653,0.001815330705480142,934.8098124459386,110.51490661486972,-352.7584229646622,7649.187,5099.457999999999,7538.67209338513,5452.2164229646605
0.05138303339481354,132,0.7611301072103327,-0.2350691639653119,0.0014640193361992184,939.9886975526811,110.30245810445106,-354.7127192489401,7649.187,5099.457999999999,7538.884541895549,5454.170719248938
0.05176436901092529,133,0.7625529726895419,-0.23721882821917534,0.0010298536097190598,945.4923955112696,110.14423840843116,-356.7895864218099,7649.187,5099.457999999999,7539.042761591569,5456.247586421809
0.05214570462703705,134,0.7640806328513405,-0.23943162343252786,0.0005458859050544826,951.2348514899612,110.01047644356433,-358.9565509615669,7649.187,5099.457999999999,7539.176523556435,5458.4145509615655
0.052527040243148804,135,0.7656022123614225,-0.24170353156165644,0.00004757796544920314,957.1308537691832,109.87319455502987,-361.18145750204536,7649.187,5099.457999999999,7539.31380544497,5460.639457502044
0.05290837585926056,136,0.7670143833992698,-0.24401905701496385,-0.0004308631186187267,963.078609277308,109.71009161268236,-363.42589356304023,7649.187,5099.457999999999,7539.476908387318,5462.883893563039
0.053291067481040955,137,0.7682184973838113,-0.24634412664868613,-0.0008532669864730401,968.9444644004108,109.50615942063104,-365.6394238180883,7649.187,5099.457999999999,7539.680840579369,5465.097423818087
0.05367375910282135,138,0.7691465040779113,-0.24867676153681498,-0.0011978641627322544,974.6744040295482,109.24307248260004,-367.80166520702767,7649.187,5099.457999999999,7539.9439275174,5467.259665207026
0.054056450724601746,139,0.7697381905070219,-0.25101721192652526,-0.0014487774108621206,980.2275842100382,108.90515779395236,-369.897204916632,7649.187,5099.457999999999,7540.281842206047,5469.355204916631
0.05443914234638214,140,0.7699591511431607,-0.25337549501700835,-0.0015948371716521003,985.602134937048,108.48129443329066,-371.925337284694,7649.187,5099.457999999999,7540.705705566709,5471.383337284693
0.05482183396816254,141,0.7697786782316728,-0.25576009270223704,-0.0016299582375315102,990.7863470494748,107.95824490467197,-373.88164375981427,7649.187,5099.457999999999,7541.228755095328,5473.339643759813
0.05520617216825485,142,0.7692024078993364,-0.25816615506063806,-0.0015571654563058506,995.7653657242656,107.33544626052134,-375.7605187483376,7649.187,5099.457999999999,7541.851553739479,5475.2185187483365
0.05559051036834717,143,0.7682568787765502,-0.2605778682316433,-0.0013870095657218585,1000.5042861029507,106.6161691223075,-377.54879060543976,7649.187,5099.457999999999,7542.570830877692,5477.006790605438
0.055974848568439484,144,0.7669816642570495,-0.26298474986249754,-0.0011342805629155853,1004.9874178439379,105.80539150322306,-379.24053844744793,7649.187,5099.457999999999,7543.381608496777,5478.6985384474465
0.0563591867685318,145,0.7654226891743052,-0.2653998662388325,-0.0008178053364970467,1009.2697984218598,104.9102967526332,-380.8565311329008,7649.187,5099.457999999999,7544.276703247367,5480.3145311329
0.056743524968624115,146,0.7636395191678134,-0.26782629839073524,-0.0004605980865386399,1013.3930585354567,103.94339110532161,-382.4124783595776,7649.187,5099.457999999999,7545.243608894678,5481.870478359577
0.057129815220832825,147,0.7617092448338595,-0.27025180898731405,-0.00009060231100429188,1017.3938434451819,102.93122657530029,-383.9222085277738,7649.187,5099.457999999999,7546.255773424699,5483.380208527773
0.057516105473041534,148,0.7596909969780662,-0.2726708103395592,0.0002712065500291911,1021.3015586867929,101.89070932192078,-385.396818066177,7649.187,5099.457999999999,7547.2962906780795,5484.8548180661755
0.057902395725250244,149,0.7576611447039517,-0.2750907530330528,0.0006024417413771153,1025.182379475236,100.8390644702564,-386.8612787542369,7649.187,5099.457999999999,7548.347935529743,5486.319278754236
0.058288685977458954,150,0.7556859843063355,-0.27750567503506485,0.0008824507410553369,1029.0709554791451,99.79556631700467,-388.3286659387253,7649.187,5099.457999999999,7549.391433682995,5487.786665938724
0.058674976229667664,151,0.7538127553731745,-0.2799183268348737,0.0010973966207693923,1033.0308911770583,98.7813567651254,-389.8229813098726,7649.187,5099.457999999999,7550.405643234874,5489.280981309871
0.05906287953257561,152,0.752079388030659,-0.282322623058124,0.0012365790819444439,1037.0942112505436,97.81484779308266,-391.35630965328494,7649.187,5099.457999999999,7551.372152206917,5490.814309653284
0.05945078283548355,153,0.7505010319415005,-0.2847144392349503,0.0012979923429543322,1041.2512599587442,96.89668409167183,-392.92500729313446,7649.187,5099.457999999999,7552.290315908328,5492.383007293133
0.059838686138391495,154,0.7491114988101613,-0.28706665137355974,0.001282496942281723,1045.4518904179336,96.03614414397555,-394.5101508769013,7649.187,5099.457999999999,7553.1508558560245,5493.9681508769
0.06022658944129944,155,0.7479291933735934,-0.28936525453318246,0.0011955148256095973,1049.6721626088024,95.2387554446268,-396.1027064349535,7649.187,5099.457999999999,7553.948244555373,5495.560706434952
0.06061449274420738,156,0.7469547808040271,-0.29160631030537865,0.0010455882618508555,1053.9129600942135,94.50894632512984,-397.70300738724234,7649.187,5099.457999999999,7554.67805367487,5497.161007387241
0.0610041581094265,157,0.7461837041941556,-0.29376203463500195,0.0008460007407042113,1058.1228728920223,93.85620492037333,-399.291653740331,7649.187,5099.457999999999,7555.330795079626,5498.749653740329
0.061393823474645615,158,0.7455886187293312,-0.2958394219604405,0.0006121618488566442,1062.2955401673914,93.27085853433977,-400.8662451791651,7649.187,5099.457999999999,7555.91614146566,5500.324245179164
0.06178348883986473,159,0.7451385802771828,-0.2978428584805402,0.00035874031675132837,1066.4031468853354,92.73785043121819,-402.41628546403297,7649.187,5099.457999999999,7556.449149568782,5501.874285464031
0.06217315420508385,160,0.7448021147866682,-0.2997781603968143,0.0001015156846290285,1070.4205941945315,92.24166202255469,-403.93230333019926,7649.187,5099.457999999999,7556.945337977445,5503.390303330198
0.06256281584501266,161,0.7445477654821222,-0.30162554822802545,-0.00014417952081019228,1074.280591711402,91.77746618197,-405.38890617985913,7649.187,5099.457999999999,7557.40953381803,5504.846906179858
0.06295463442802429,162,0.7443341359259865,-0.30337598734714766,-0.0003606316292556849,1077.9241304188968,91.3323889975714,-406.76382645920836,7649.187,5099.457999999999,7557.854611002428,5506.2218264592075
0.06334645301103592,163,0.7441132654588872,-0.3050386190355908,-0.0005398027647354386,1081.324547250569,90.88686440026959,-408.04700263364816,7649.187,5099.457999999999,7558.30013559973,5507.505002633647
0.06373827159404755,164,0.7438374309227683,-0.306610612589446,-0.0006725078495117751,1084.4351823329926,90.4262280799424,-409.2208272036141,7649.187,5099.457999999999,7558.760771920058,5508.678827203613
0.06413009017705917,165,0.743472939714952,-0.30809632301005446,-0.0007530908139727332,1087.2220034182074,89.93310961987441,-410.2724578112698,7649.187,5099.457999999999,7559.253890380125,5509.730457811269
0.0645219087600708,166,0.7429864422121915,-0.30952942781925197,-0.000780394275906411,1089.7592900246382,89.40052323971366,-411.2299244638202,7649.187,5099.457999999999,7559.786476760286,5510.6879244638185
0.06491617113351822,167,0.7423516927632418,-0.3109202984404564,-0.0007583234130117026,1092.050249658525,88.81889575972781,-412.0944375409894,7649.187,5099.457999999999,7560.368104240272,5511.552437540988
0.06531043350696564,168,0.7415503614911165,-0.312277443207394,-0.0006923390526392243,1094.1149249076843,88.18694398571972,-412.873560283531,7649.187,5099.457999999999,7561.00005601428,5512.33156028353
0.06570469588041306,169,0.740586042657332,-0.3135913462140343,-0.0005876969593356956,1095.9302056491376,87.50584116230158,-413.5585718902424,7649.187,5099.457999999999,7561.681158837699,5513.016571890241
0.06609895825386047,170,0.7394762411342967,-0.31488846420829947,-0.00045161510239947924,1097.5726237893105,86.7769591773968,-414.1783523260724,7649.187,5099.457999999999,7562.410040822603,5513.636352326072
0.06649322062730789,171,0.7382405391935869,-0.31616062067010187,-0.00029390332931822,1099.033794425428,86.0056353525386,-414.7297374767379,7649.187,5099.457999999999,7563.181364647461,5514.187737476736
0.06688833981752396,172,0.7368989060471275,-0.3173962998227639,-0.00012721153581684287,1100.2854493141176,85.19317581261134,-415.20206008049286,7649.187,5099.457999999999,7563.993824187389,5514.660060080491
0.06728345900774002,173,0.7354723288900201,-0.3185810065191442,0.000039267410866238854,1101.3144959390165,84.34971113564615,-415.59037956508047,7649.187,5099.457999999999,7564.8372888643535,5515.048379565079
0.06767857819795609,174,0.7339897674335133,-0.3196920339267904,0.0001946876991472461,1102.069453857839,83.47942388818473,-415.8752693483314,7649.187,5099.457999999999,7565.707576111815,5515.33326934833
0.06807369738817215,175,0.7324680369394475,-0.3207200053609501,0.00033111410680142315,1102.555465784669,82.59400400927814,-416.058670077087,7649.187,5099.457999999999,7566.592995990722,5515.516670077086
0.06846881657838821,176,0.7309362871482155,-0.32167738081000063,0.00044374497446146875,1102.820948496461,81.69876686187234,-416.15885223338154,7649.187,5099.457999999999,7567.488233138128,5515.61685223338
0.06886304914951324,177,0.7294244093773581,-0.3225607100792365,0.0005255975529280576,1102.8789374113085,80.80221876905733,-416.18073484295485,7649.187,5099.457999999999,7568.384781230942,5515.638734842953
0.06925728172063828,178,0.7279689833242243,-0.32337164373961363,0.0005753333955190399,1102.770923037827,79.9183003659038,-416.1399747016518,7649.187,5099.457999999999,7569.268699634096,5515.597974701651
0.0696515142917633,179,0.7265958540760387,-0.3241299400994994,0.0005901285004344853,1102.576437497139,79.05648031666476,-416.06658393092056,7649.187,5099.457999999999,7570.1305196833355,5515.524583930919
0.07004574686288834,180,0.7253252925317937,-0.32483245135350663,0.0005710283330082894,1102.3109401822092,78.22586524637654,-415.96639626400787,7649.187,5099.457999999999,7570.961134753623,5515.424396264007
0.07043997943401337,181,0.7241715215232155,-0.3254683253522353,0.0005219635527784174,1101.982577599585,77.4408126968425,-415.8424858543557,7649.187,5099.457999999999,7571.746187303157,5515.3004858543545
0.07083388417959213,182,0.7231374910666726,-0.32604198315251953,0.0004487674500996416,1101.6119013294579,76.70448124214965,-415.70260801531333,7649.187,5099.457999999999,7572.48251875785,5515.160608015312
0.0712277889251709,183,0.722224197656458,-0.32655449775890866,0.0003573955882137472,1101.2203528672458,76.02384636948426,-415.5548538773002,7649.187,5099.457999999999,7573.163153630516,5515.012853877299
0.07162169367074966,184,0.721433542988517,-0.3269972290075909,0.0002533032807030461,1100.7880514279009,75.40038939939643,-415.3917212572118,7649.187,5099.457999999999,7573.786610600603,5514.84972125721
0.07201559841632843,185,0.7207571093195135,-0.3273611766028404,0.00014359213495796378,1100.2626192063094,74.82370306859752,-415.1934449453934,7649.187,5099.457999999999,7574.363296931402,5514.6514449453925
0.0724095031619072,186,0.7201840235554088,-0.32762961088722403,0.000035110580392859194,1099.5905412510037,74.29098751037458,-414.9398306203548,7649.187,5099.457999999999,7574.896012489626,5514.3978306203535
0.07280425727367401,187,0.7196979003524779,-0.3278155777723139,-0.00006322289183735847,1098.8002392843366,73.7994035775738,-414.6416034604388,7649.187,5099.457999999999,7575.387596422426,5514.099603460438
0.07319901138544083,188,0.7192590684231845,-0.3279307297104055,-0.0001491651732542298,1097.8787203103304,73.33193275938436,-414.2938604482512,7649.187,5099.457999999999,7575.855067240615,5513.75186044825
0.07359376549720764,189,0.7188447039049322,-0.32798709510391405,-0.00021788054311817342,1096.8579103663565,72.88811623427438,-413.9086491451727,7649.187,5099.457999999999,7576.298883765726,5513.366649145171
0.07398851960897446,190,0.7184342644084583,-0.32799757484956216,-0.0002674745628102259,1095.74641186893,72.45778664908744,-413.4892157461438,7649.187,5099.457999999999,7576.729213350913,5512.947215746142
0.07438327372074127,191,0.7180023967031999,-0.3279516173438592,-0.00029663141788406806,1094.490013808012,72.03145791818184,-413.0151032660602,7649.187,5099.457999999999,7577.155542081818,5512.473103266059
0.07478051632642746,192,0.71752757426522,-0.32786112094987524,-0.0003035747159340165,1093.109770038724,71.60470371650956,-412.4942565559825,7649.187,5099.457999999999,7577.58229628349,5511.952256555981
0.07517775893211365,193,0.7169913312617214,-0.32773387091094797,-0.0002868809435313398,1091.601021283865,71.16767121559673,-411.92491739808315,7649.187,5099.457999999999,7578.019328784403,5511.382917398082
0.07557500153779984,194,0.7163873711690035,-0.3275848702422055,-0.0002501489619368856,1089.9999139606953,70.7184013732658,-411.32072594994173,7649.187,5099.457999999999,7578.468598626734,5510.77872594994
0.07597224414348602,195,0.71571447614323,-0.32742751329465347,-0.00019842891877347774,1088.3340244159103,70.25337374707914,-410.69208838021615,7649.187,5099.457999999999,7578.9336262529205,5510.150088380215
0.07676632425048524,196,0.711819722369801,-0.32200709211978046,-0.0002536120846461166,1075.335274656117,70.9840011121405,-405.78689974748323,7649.187,5099.457999999999,7578.202998887859,5505.244899747482
0.07756040435748446,197,0.7051906173289906,-0.3161748903068629,-0.0002862652240422639,1061.991047216952,72.01240337511229,-400.7513421779655,7649.187,5099.457999999999,7577.174596624887,5500.209342177965
0.07835448446448368,198,0.6972832706451415,-0.3096032100404392,-0.00031499936675483527,1044.2798316121102,72.16174915340758,-394.067864531102,7649.187,5099.457999999999,7577.025250846592,5493.5258645311005
0.0791485645714829,199,0.6903681701972267,-0.3023027592450922,-0.00026202667663043197,1022.1180066227913,71.38934983744855,-385.704911629703,7649.187,5099.457999999999,7577.797650162552,5485.162911629702
0.07994264467848211,200,0.6858737046692588,-0.29494066047776824,-0.00010705849979411472,998.3063038453461,70.05845284191918,-376.7193633309568,7649.187,5099.457999999999,7579.12854715808,5476.177363330956
0.08073672478548133,201,0.6841164447784424,-0.2884956536494602,0.00009009065415371548,976.7642073363066,68.63047602825105,-368.5902702355409,7649.187,5099.457999999999,7580.556523971749,5468.048270235539
0.08153080489248055,202,0.6845637297040765,-0.28373910160758276,0.00024751919181509454,960.2792673885823,67.3553101792159,-362.3695381238284,7649.187,5099.457999999999,7581.831689820784,5461.827538123827
0.08232488499947976,203,0.6863551498967951,-0.2811009472398325,0.00032036045250567524,950.2640258967878,66.31896216727694,-358.5902016778281,7649.187,5099.457999999999,7582.868037832723,5458.048201677827
0.08311896510647898,204,0.6886396679097955,-0.28047325608145107,0.0003054670269516381,946.3227506726981,65.48432261708172,-357.1029279949794,7649.187,5099.457999999999,7583.702677382918,5456.560927994979
0.0839130452134782,205,0.6907818920152837,-0.2815041422614184,0.0002325007107041099,947.3124021932483,64.78592484579173,-357.47638140232056,7649.187,5099.457999999999,7584.401075154208,5456.93438140232
0.08470712532047742,206,0.6923490693907305,-0.283663045620268,0.00013859639533541417,951.4416482061148,64.09943778816591,-359.03458745893073,7649.187,5099.457999999999,7585.087562211834,5458.49258745893
0.08550120542747663,207,0.6931752371770685,-0.2863688326842135,0.000055270812294699926,956.8985106885434,63.34532250132929,-361.0937808670528,7649.187,5099.457999999999,7585.841677498671,5460.551780867052
0.08629528553447585,208,0.6932426117082076,-0.2891190847245129,-0.000005445164956829765,962.2441086500884,62.502988692247015,-363.110987663143,7649.187,5099.457999999999,7586.684011307753,5462.568987663141
0.08708936564147507,209,0.6926406648289073,-0.29154237088810314,-0.000055874827233227815,966.44725522995,61.56949988404159,-364.69708072641737,7649.187,5099.457999999999,7587.617500115958,5464.155080726416
0.08788344574847429,210,0.6915911545111916,-0.2933709105810252,-0.00010380906660448421,968.9147021099926,60.599410351471874,-365.62819276499926,7649.187,5099.457999999999,7588.587589648528,5465.086192764998
0.0886775258554735,211,0.6902827260433544,-0.2944914727852561,-0.00014984420067884705,969.470454607904,59.644037559351034,-365.83791069062625,7649.187,5099.457999999999,7589.542962440649,5465.295910690625
0.08947160596247272,212,0.6888751867727799,-0.2950036767859892,-0.00019521892685781824,968.5620525375009,58.76868653589651,-365.4951174534278,7649.187,5099.457999999999,7590.418313464103,5464.953117453427
0.09026568606947194,213,0.6875314797384089,-0.29503184479691763,-0.00023211914367296478,966.6884074345231,58.03236330000959,-364.78808155915044,7649.187,5099.457999999999,7591.15463669999,5464.246081559149
0.09105976617647116,214,0.6863517106923189,-0.29472806231780485,-0.00025129018249836835,964.4096679255367,57.48831567302534,-363.92817984990967,7649.187,5099.457999999999,7591.698684326974,5463.386179849908
0.09185384628347038,215,0.6853913592962785,-0.29429858688354493,-0.00025267601466991683,962.3912209540606,57.1731793443347,-363.1665017406131,7649.187,5099.457999999999,7592.013820655665,5462.624501740612
0.09264792639046959,216,0.6846204214512218,-0.2939145651073889,-0.00022830512365156952,961.0880961373449,57.08071602680417,-362.67475652233395,7649.187,5099.457999999999,7592.106283973196,5462.132756522333
0.09344200649746881,217,0.6840054170556502,-0.29370483450196005,-0.0001847113062305884,960.8320312082768,57.20215255854265,-362.57812824634453,7649.187,5099.457999999999,7591.9848474414575,5462.036128246344
0.09423608660446803,218,0.6834586561567133,-0.2937989275100015,-0.00012627182071859187,961.8591185301543,57.49190064002397,-362.9657083712948,7649.187,5099.457999999999,7591.695099359976,5462.423708371293
0.09503016671146725,219,0.6829201696014404,-0.294165658705668,-0.0000614793834361163,963.9238081634045,57.88972457737566,-363.74483654179517,7649.187,5099.457999999999,7591.297275422624,5463.202836541794
0.09582424681846646,220,0.6822937773617831,-0.29490159942887045,0.000026189145269719037,967.1303692877293,58.334562372783296,-364.9548596184646,7649.187,5099.457999999999,7590.852437627216,5464.412859618464
0.09661832692546568,221,0.6815476847388527,-0.2959806669506159,0.0000839565369893204,971.2741998195648,58.776324887593205,-366.5185692671881,7649.187,5099.457999999999,7590.410675112406,5465.976569267187
0.0974124070324649,222,0.6806653030170094,-0.2973976926326751,0.00010185759641907431,976.2235160768033,59.17065645778507,-368.3862357961568,7649.187,5099.457999999999,7590.016343542215,5467.844235796156
0.09820648713946412,223,0.6796511024457758,-0.2990388112540679,0.00010347398859533396,981.5722512304784,59.48271427410339,-370.4046264383445,7649.187,5099.457999999999,7589.704285725897,5469.862626438343
0.09900056724646333,224,0.678486748934659,-0.3007304931651462,0.00010972648060457273,986.7781142473222,59.68828551982551,-372.36910306614845,7649.187,5099.457999999999,7589.498714480174,5471.827103066147
0.09979464735346255,225,0.6771578572914817,-0.30238054619355637,0.00011952409411018544,991.657318648696,59.8138724791919,-374.21031229077926,7649.187,5099.457999999999,7589.373127520808,5473.668312290778
0.10058872746046177,226,0.67570034695712,-0.3038987954183058,0.00012926814067092807,996.0474055469036,59.89192817184227,-375.8669488710453,7649.187,5099.457999999999,7589.295071828157,5475.324948871044
0.10138280756746099,227,0.6741739630664478,-0.3052401800205491,0.00013373473848808895,999.9522853702307,59.970779661193376,-377.3404884402751,7649.187,5099.457999999999,7589.216220338806,5476.798488440274
0.1021768876744602,228,0.672603675701835,-0.3063785275411606,0.00013053095161914824,1003.4028414189817,60.089293514195674,-378.64258507416014,7649.187,5099.457999999999,7589.097706485804,5478.1005850741585
0.10297096778145942,229,0.6710409442780234,-0.3073375042104721,0.00012409308068454263,1006.5522055566312,60.28064866941571,-379.8310243820787,7649.187,5099.457999999999,7588.906351330585,5479.2890243820775
0.10376504788845864,230,0.6695446493183483,-0.30805641262357886,0.00011942657008767128,1009.2861209332943,60.564838711455195,-380.8626905712334,7649.187,5099.457999999999,7588.622161288545,5480.320690571232
0.10455912799545786,231,0.668154670678919,-0.30849464363661677,0.00012409673897380177,1011.4914474010468,60.94139210047206,-381.694889245797,7649.187,5099.457999999999,7588.245607899527,5481.152889245795
0.10535320810245707,232,0.6668637264373086,-0.30865794980959455,0.0001315291346067732,1013.1744051665069,61.40667493101819,-382.3299676535712,7649.187,5099.457999999999,7587.780325068981,5481.78796765357
0.10614728820945629,233,0.6656385456223921,-0.3085661037241329,0.00014208298694681036,1014.3004747480155,61.92710268584818,-382.7548995749447,7649.187,5099.457999999999,7587.259897314152,5482.212899574944
0.10694136831645551,234,0.664449614868164,-0.3082548306837949,0.00015200971589847046,1014.8714549601078,62.4662092195793,-382.9703638078614,7649.187,5099.457999999999,7586.72079078042,5482.4283638078605
0.10773544842345473,235,0.663276153160442,-0.3078492229557037,0.00015309518211267212,1015.1726183950901,63.00158142762035,-383.0840103881225,7649.187,5099.457999999999,7586.18541857238,5482.5420103881215
0.10852952853045394,236,0.6620845117170161,-0.3073772117517211,0.00014478079971264708,1015.1870807588101,63.497806745454966,-383.089467883915,7649.187,5099.457999999999,7585.689193254545,5482.547467883914
0.10932360863745316,237,0.6608667463926835,-0.30685906986691736,0.00012509439143267546,1014.9084848672152,63.931407847290245,-382.98433735783897,7649.187,5099.457999999999,7585.25559215271,5482.4423373578375
0.11011768874445238,238,0.6596315495109558,-0.3063357682975855,0.0000967392327839678,1014.4248000234367,64.29298160928971,-382.8018147736389,7649.187,5099.457999999999,7584.89401839071,5482.259814773638
0.1109117688514516,239,0.658379262787212,-0.30577366196589034,0.00006346061370589516,1013.6214860767127,64.57428738697172,-382.4986774325252,7649.187,5099.457999999999,7584.612712613029,5481.956677432524
0.11170584895845082,240,0.6571257649612426,-0.30513858328407456,0.000028372532779520207,1012.4464225292206,64.79118239532193,-382.055257221935,7649.187,5099.457999999999,7584.395817604678,5481.513257221934
0.11249992906545003,241,0.6558875582313537,-0.304388965940042,-0.000004634676128625869,1010.8680151998998,64.97496236159503,-381.4596318092853,7649.187,5099.457999999999,7584.212037638405,5480.917631809284
0.11329400917244925,242,0.6546760265090248,-0.3035510230181434,-0.00003386616897176613,1009.0357444375754,65.1547802342651,-380.76820887388567,7649.187,5099.457999999999,7584.032219765735,5480.226208873884
0.11408808927944847,243,0.6535272527191855,-0.3025726686781103,-0.00005413733405145731,1006.9010739386082,65.36647603627239,-379.96267282929216,7649.187,5099.457999999999,7583.820523963727,5479.420672829291
0.11488216938644769,244,0.6524485350764881,-0.3014712887783484,-0.00006669337501580065,1004.5234993696214,65.61442423113402,-379.0654748706591,7649.187,5099.457999999999,7583.572575768866,5478.523474870658
0.1156762494934469,245,0.6514531933177601,-0.30022921852632,-0.00006579448758878491,1001.8546325027943,65.89873186003132,-378.0583552892105,7649.187,5099.457999999999,7583.288268139969,5477.516355289209
0.11647032960044612,246,0.6505452000774037,-0.2988074131653526,-0.000047309388423507866,998.7529448360206,66.20658824427312,-376.88790710253903,7649.187,5099.457999999999,7582.980411755727,5476.345907102538
0.11726440970744534,247,0.6497537032699584,-0.2971743572993712,-0.00001699248038909652,995.0899784058333,66.52228642421824,-375.5056556070135,7649.187,5099.457999999999,7582.664713575781,5474.963655607013
0.11805848981444456,248,0.6490747180418535,-0.29537224666812206,0.00001606521488590674,990.9682387709619,66.84063524366525,-373.95028214589865,7649.187,5099.457999999999,7582.346364756335,5473.408282145898
0.11885256992144377,249,0.648504836509011,-0.293442247774601,0.00004760132517326962,986.4668521583081,67.14869129316924,-372.25164567301096,7649.187,5099.457999999999,7582.03830870683,5471.70964567301
0.11964665002844299,250,0.64804835209413,-0.2915360018569773,0.00007665356348861348,982.0286042571068,67.4558764082949,-370.5768351291876,7649.187,5099.457999999999,7581.731123591705,5470.034835129186
0.12044073013544221,251,0.6476908801668341,-0.28969539933378047,0.00009828505750406873,977.7508572548628,67.75537599198736,-368.9625909628741,7649.187,5099.457999999999,7581.4316240080125,5468.420590962873
0.12123481024244143,252,0.6474246307962591,-0.2879260562122952,0.00011250994331457399,973.6191362291576,68.0358886350819,-367.4034509391466,7649.187,5099.457999999999,7581.151111364918,5466.8614509391455
0.12202889034944064,253,0.6472631914173473,-0.2862258988503976,0.00011811378739096901,969.6366232037545,68.30077114507128,-365.9006158217,7649.187,5099.457999999999,7580.886228854929,5465.358615821699
0.12282297045643986,254,0.6472040889826687,-0.2845107144739411,0.00011793460144238038,965.5441688477994,68.53979051300837,-364.3562934093322,7649.187,5099.457999999999,7580.647209486991,5463.814293409331
0.12361705056343908,255,0.6472301889870383,-0.282805612614805,0.00011199333888563243,961.4444184720517,68.76557349299623,-362.80921778192356,7649.187,5099.457999999999,7580.421426507004,5462.267217781922
0.1244111306704383,256,0.6473226725058121,-0.28111064083294435,0.00009544702275232835,957.3489158570767,68.98242677880762,-361.26374508312284,7649.187,5099.457999999999,7580.204573221192,5460.721745083121
0.12520521077743751,257,0.6474419462013244,-0.2794542970744046,0.00007061801494522528,953.3480351507665,69.19482343520968,-359.7539787652716,7649.187,5099.457999999999,7579.9921765647905,5459.21197876527
0.12599929088443673,258,0.6475807514658841,-0.2778423619716818,0.00004433524424379522,949.4514703541995,69.40041123457803,-358.28357694201725,7649.187,5099.457999999999,7579.786588765422,5457.741576942016
0.12679337099143595,259,0.6477310777213356,-0.2762980893406001,0.000017498652000318872,945.7387067854405,69.60500676891041,-356.88253407327664,7649.187,5099.457999999999,7579.58199323109,5456.340534073275
0.12758745109843517,260,0.6478798219455373,-0.27482735890128396,-0.000009435044012286446,942.2105923026801,69.80281661828661,-355.5511701055398,7649.187,5099.457999999999,7579.384183381713,5455.009170105539
0.12838153120543438,261,0.6480307816314698,-0.27342751897118306,-0.00003260482013225555,938.8621238708497,69.99470989912277,-354.28759710102804,7649.187,5099.457999999999,7579.1922901008775,5453.745597101027
0.1291756113124336,262,0.6481402048509771,-0.2720960818784887,-0.00005262002401731231,935.6378465116024,70.16234673035831,-353.0708886526296,7649.187,5099.457999999999,7579.024653269642,5452.528888652629
0.12996969141943282,263,0.6481931103411588,-0.2707845902967453,-0.0000673798792199655,932.3743173778058,70.29443347229426,-351.8393682137019,7649.187,5099.457999999999,7578.892566527706,5451.297368213701
0.13076377152643204,264,0.6481737772282687,-0.2694856897258759,-0.00007410507015206597,929.0329681217671,70.38406278198943,-350.5784816906451,7649.187,5099.457999999999,7578.802937218011,5450.036481690644
0.13155785163343126,265,0.6480940342296253,-0.26817762217998503,-0.00007167813318696889,925.5716172873974,70.43793972591857,-349.2723115527163,7649.187,5099.457999999999,7578.749060274082,5448.730311552715
0.13235193174043047,266,0.647961222818548,-0.2668916517194835,-0.00006362206452272155,922.0857325971127,70.45958343919864,-347.9568833558684,7649.187,5099.457999999999,7578.727416560801,5447.4148833558675
0.1331460118474297,267,0.6477655912555348,-0.2656633486084505,-0.0000556479211287065,918.6633750617505,70.44524074931854,-346.66542767052766,7649.187,5099.457999999999,7578.741759250682,5446.123427670526
0.1339400919544289,268,0.6475100728433782,-0.26452193542827257,-0.00004886894983324138,915.3861598670484,70.39532602162853,-345.42874268026844,7649.187,5099.457999999999,7578.791673978371,5444.886742680267
0.13473417206142813,269,0.6471886431104487,-0.2634914820632067,-0.000047991464056751944,912.3330696910621,70.31461767557158,-344.2766331695308,7649.187,5099.457999999999,7578.872382324428,5443.73463316953
0.13552825216842734,270,0.6468198379742015,-0.2625815033659068,-0.00004800648564642126,909.5549049079419,70.21239271325032,-343.22826909099683,7649.187,5099.457999999999,7578.974607286749,5442.686269090996
0.13632233227542656,271,0.6464044936752319,-0.26178911438356745,-0.000048461765999143776,907.0472803413869,70.08999594520259,-342.28199566114176,7649.187,5099.457999999999,7579.097004054797,5441.739995661141
0.13711641238242578,272,0.6459374436118386,-0.26114099440748045,-0.00004655000591819937,904.8916229426861,69.95041505938804,-341.4685400316719,7649.187,5099.457999999999,7579.2365849406115,5440.926540031671
0.137910492489425,273,0.64542512475794,-0.26064926720575854,-0.000043065863956104624,903.1322330832483,69.79776163902426,-340.804619324024,7649.187,5099.457999999999,7579.3892383609755,5440.262619324023
0.1387045725964242,274,0.6448838509681009,-0.26032305939154193,-0.00003716090009971098,901.81271982193,69.63900264954623,-340.3066897869712,7649.187,5099.457999999999,7579.547997350453,5439.76468978697
0.13949865270342343,275,0.6443227169557051,-0.2601340664187345,-0.00003201421818949959,900.8597426950932,69.47589174641371,-339.94707577360873,7649.187,5099.457999999999,7579.711108253587,5439.405075773608
0.14029273281042265,276,0.6437363749382712,-0.26004554213892334,-0.000027608627338301052,900.1616735637189,69.30451145735884,-339.68365345751255,7649.187,5099.457999999999,7579.882488542641,5439.141653457511
0.14108681291742187,277,0.6431387883359735,-0.26002438592954114,-0.000024285295388915322,899.6368351787329,69.12845614234493,-339.4856012349813,7649.187,5099.457999999999,7580.0585438576545,5438.94360123498
0.14188089302442108,278,0.6425350813345475,-0.26005351461995735,-0.000021992180049419403,899.2549288034439,68.95405433148494,-339.3414856203681,7649.187,5099.457999999999,7580.232945668515,5438.799485620367
0.1426749731314203,279,0.6419439634479176,-0.2601166085971486,-0.000020900537317449394,898.9908230215311,68.78879058752932,-339.24182306025904,7649.187,5099.457999999999,7580.39820941247,5438.699823060258
0.14346905323841952,280,0.6413773497702859,-0.2601973811836676,-0.000020550578168847344,898.7919807076455,68.62977345178496,-339.1667882241554,7649.187,5099.457999999999,7580.557226548215,5438.624788224154
0.14426313334541874,281,0.6408444161952626,-0.2602997026257081,-0.00001983694293282249,898.6800038456918,68.48113057566565,-339.1245328041701,7649.187,5099.457999999999,7580.705869424334,5438.582532804169
0.14505721345241795,282,0.64033576238979,-0.2604132741652836,-0.00001959733486175537,898.610879161954,68.33696118295904,-339.09844801761926,7649.187,5099.457999999999,7580.8500388170405,5438.556448017618
0.14585129355941717,283,0.6398425656925547,-0.26053487886038695,-0.0000196793885122646,898.5843062698842,68.2004966959862,-339.08842051108763,7649.187,5099.457999999999,7580.986503304013,5438.546420511087
0.1466453736664164,284,0.6393657658559626,-0.2606551428352703,-0.000022488387376070022,898.5694363325835,68.06984241569654,-339.0828092139425,7649.187,5099.457999999999,7581.117157584304,5438.540809213941
0.1474394537734156,285,0.638900739961104,-0.2607459698490663,-0.000026932480240410023,898.4701731085778,67.9379483287068,-339.045351393226,7649.187,5099.457999999999,7581.249051671293,5438.503351393225
0.14823353388041483,286,0.6384336129309914,-0.2608081493373351,-0.00002998706289313056,898.269415447116,67.79754036464698,-338.96959378444564,7649.187,5099.457999999999,7581.389459635353,5438.427593784444
0.14902761398741404,287,0.6379610744944486,-0.2608387963121587,-0.000032180090993642803,897.9557813704015,67.64732306808793,-338.85124130160176,7649.187,5099.457999999999,7581.539676931912,5438.3092413016
0.14982169409441326,288,0.637491869503368,-0.26084090004574173,-0.00003595829840410839,897.5522608906032,67.49286385652789,-338.6989694210626,7649.187,5099.457999999999,7581.694136143472,5438.156969421061
0.15061577420141248,289,0.6370428848492015,-0.26078068082115863,-0.00004023076878352598,896.9560777068139,67.33050126348121,-338.4739946327029,7649.187,5099.457999999999,7581.856498736519,5437.931994632701
0.1514098543084117,290,0.6366302936553955,-0.2606380326630853,-0.00004412106314843351,896.1271689862014,67.16602217830814,-338.1611988862614,7649.187,5099.457999999999,7582.020977821692,5437.61919888626
0.1522039344154109,291,0.6362635889521512,-0.2603764856711301,-0.000047882101617076183,894.9876973748208,67.00797314303628,-337.73120959507935,7649.187,5099.457999999999,7582.179026856964,5437.189209595078
0.15299801452241013,292,0.6359241858048872,-0.2600305566274036,-0.00005092210268432444,893.6257062137128,66.85368966217789,-337.2172506617353,7649.187,5099.457999999999,7582.333310337822,5436.675250661734
0.15379209462940935,293,0.6356047538358515,-0.259584105572267,-0.00005346873395822265,891.9794559180738,66.6966551027694,-336.59602412948993,7649.187,5099.457999999999,7582.490344897231,5436.054024129488
0.15458617473640857,294,0.635306639400829,-0.25901332891507584,-0.00005506344632668929,889.9780336499215,66.53485939256836,-335.84077043659977,7649.187,5099.457999999999,7582.652140607432,5435.298770436599
0.15538025484340778,295,0.6350309651184082,-0.25833096815911205,-0.000055122872130437325,887.6640721023083,66.37114251968359,-334.96757739190855,7649.187,5099.457999999999,7582.8158574803165,5434.425577391908
0.156174334950407,296,0.6347814279192144,-0.25753191527041525,-0.00005445756822824478,885.0403988808395,66.21188252035608,-333.977512016409,7649.187,5099.457999999999,7582.975117479644,5433.435512016407
0.15696841505740622,297,0.6345610883539372,-0.2566210926428708,-0.0000498665622418577,882.1180365800858,66.05612086600053,-332.8747337797879,7649.187,5099.457999999999,7583.130879134,5432.332733779786
0.15776249516440544,298,0.6343628187144886,-0.25558492281350226,-0.00004345580533146858,878.8246073752642,65.8906621691674,-331.6319302950889,7649.187,5099.457999999999,7583.296337830832,5431.0899302950875
0.15855657527140465,299,0.6341627188682556,-0.25444554861935703,-0.00003693341463804245,875.2057390630246,65.7097017250315,-330.2663195989386,7649.187,5099.457999999999,7583.477298274968,5429.724319598938
0.15935065537840387,300,0.6339562466552041,-0.25323110323970965,-0.000029377100765705106,871.3343943238259,65.5115214949787,-328.8054347785503,7649.187,5099.457999999999,7583.675478505022,5428.263434778549
0.1601447354854031,301,0.6337338292694091,-0.2519578040222688,-0.00002336855267936533,867.2539422869683,65.29562540126028,-327.2656415432412,7649.187,5099.457999999999,7583.891374598739,5426.72364154324
0.1609388155924023,302,0.6334928652919423,-0.25064724985794584,-0.000021034371012991124,863.0245350301267,65.06225516114415,-325.6696387904513,7649.187,5099.457999999999,7584.124744838856,5425.12763879045
0.16173289569940152,303,0.6332304666449806,-0.24929754793427206,-0.000018970470428466797,858.6415535807611,64.81163579450521,-324.01568351165923,7649.187,5099.457999999999,7584.375364205494,5423.473683511658
0.16252697580640074,304,0.6329643428369002,-0.2478804995343902,-0.00001737039352005178,854.0138693928719,64.53869843818819,-322.26938757598975,7649.187,5099.457999999999,7584.648301561811,5421.727387575988
0.16332105591339996,305,0.6326873494460366,-0.24641254439137197,-0.000016066124520518566,849.2004963755609,64.2486194825529,-320.45302038330425,7649.187,5099.457999999999,7584.938380517447,5419.911020383303
0.16411513602039918,306,0.6324103910272771,-0.2448915108990669,-0.00001542164894667539,844.2183836609125,63.950052727241626,-318.57297783256007,7649.187,5099.457999999999,7585.236947272759,5418.030977832559
0.1649092161273984,307,0.6321202212992582,-0.24334261232939633,-0.000013962509442459453,839.1312995016575,63.64084647586216,-316.6533234155702,7649.187,5099.457999999999,7585.5461535241375,5416.111323415569
0.1657032962343976,308,0.6318196377494117,-0.24176824537754057,-0.00001208295854655179,833.9441766917706,63.32037022589495,-314.69591856403997,7649.187,5099.457999999999,7585.866629774105,5414.153918564039
0.16649737634139683,309,0.6314956853901257,-0.24016726298657332,-0.000009671755297617479,828.6711804211141,62.995161970331,-312.7061086326825,7649.187,5099.457999999999,7586.191838029669,5412.164108632681
0.16729145644839605,310,0.6311324558466131,-0.23856865283489226,-0.000006135918877341531,823.3764032781124,62.65926801107079,-310.70807950413973,7649.187,5099.457999999999,7586.527731988929,5410.166079504139
0.16808553655539527,311,0.6307033593645963,-0.23700496517333117,-0.0000011107307943430813,818.1254288315773,62.30359314342027,-308.726579695167,7649.187,5099.457999999999,7586.883406856579,5408.184579695166
0.16887961666239448,312,0.6302465932065789,-0.23545173866532065,0.000006465768407691609,812.8970090776683,61.94555262535667,-306.7535910910354,7649.187,5099.457999999999,7587.241447374643,5406.211591091034
0.1696736967693937,313,0.6297664040253379,-0.23389546942624176,0.000016038637974045494,807.6689798116685,61.590823103286226,-304.78074984083315,7649.187,5099.457999999999,7587.596176896714,5404.238749840832
0.17046777687639292,314,0.6292656475951455,-0.23233965076901694,0.000024001026343215596,802.4401777476073,61.23533347238316,-302.8076169687183,7649.187,5099.457999999999,7587.951666527617,5402.265616968717
0.17126185698339214,315,0.6287492209937355,-0.23079890965331684,0.0000310827841677449,797.2565537035466,60.881215463409745,-300.851532406191,7649.187,5099.457999999999,7588.30578453659,5400.30953240619
0.17205593709039135,316,0.6282058702260798,-0.22927061427029696,0.00003516637643629854,792.1117789715529,60.52881727542612,-298.91010796155666,7649.187,5099.457999999999,7588.658182724574,5398.368107961555
0.17285001719739057,317,0.6276402741102739,-0.22776934435324234,0.00003865547365762971,787.0314893603326,60.17265370091084,-296.99301752498036,7649.187,5099.457999999999,7589.014346299089,5396.451017524979
0.1736440973043898,318,0.6270557228331133,-0.22631465636600148,0.000038515903448516675,782.0457414865494,59.803733267612955,-295.11160321605973,7649.187,5099.457999999999,7589.383266732387,5394.569603216059
0.174438177411389,319,0.6264408462472396,-0.22493001193805173,0.00003498548204248602,777.2157124221326,59.42074772366138,-293.28895072252305,7649.187,5099.457999999999,7589.7662522763385,5392.746950722521
0.17523225751838822,320,0.6257933294521678,-0.2236273387865587,0.000036761011996052476,772.5682094395161,59.021411324341756,-291.5351759963231,7649.187,5099.457999999999,7590.165588675658,5390.993175996322
0.17602633762538744,321,0.6251094475676796,-0.22236837983478197,0.00003770583048462867,768.0095459610225,58.61014796702867,-289.8149256116033,7649.187,5099.457999999999,7590.576852032971,5389.272925611602
0.17682041773238666,322,0.6244000557101856,-0.2211571198133989,0.00003762732978571545,763.5447213709355,58.18470113731857,-288.13008612848756,7649.187,5099.457999999999,7591.0022988626815,5387.588086128486
0.17761449783938588,323,0.6236741040697965,-0.21999984258803454,0.00003584349022670226,759.1869458138943,57.74352222379244,-286.485642507262,7649.187,5099.457999999999,7591.443477776207,5385.943642507261
0.1784085779463851,324,0.6229359117716009,-0.21889513493104415,0.00003235252435911786,754.9471986591816,57.2922237707038,-284.88573790618375,7649.187,5099.457999999999,7591.894776229296,5384.3437379061825
0.1792026580533843,325,0.6221988366144353,-0.21787376618450338,0.000027835102216763926,750.936174467206,56.840585267103364,-283.37214385785825,7649.187,5099.457999999999,7592.346414732897,5382.830143857857
0.17999673816038353,326,0.6214629971382835,-0.2169643368582292,0.000022870878306302155,747.2358551084995,56.38980624119782,-281.97579691748166,7649.187,5099.457999999999,7592.797193758802,5381.43379691748
0.18079081826738275,327,0.6207139287965948,-0.21619847785104404,0.0000172672547806393,743.9176042199135,55.933928530967194,-280.72362675957976,7649.187,5099.457999999999,7593.253071469033,5380.181626759579
0.18158489837438196,328,0.6199522782221707,-0.21555215593619778,0.000011451680904084986,740.9387106895447,55.48182298635521,-279.5995159832893,7649.187,5099.457999999999,7593.705177013645,5379.057515983288
0.18237897848138118,329,0.6191991003071179,-0.2149871868428317,0.000006327727789228613,738.1928709745407,55.033076686743044,-278.5633500437768,7649.187,5099.457999999999,7594.153923313257,5378.021350043776
0.1831730585883804,330,0.6184569012451172,-0.21449476269201798,-4.6956457874991676e-8,735.670298781991,54.59315457475242,-277.6114360002881,7649.187,5099.457999999999,7594.593845425247,5377.069436000287
0.18396713869537962,331,0.6177239682457664,-0.21409211284550753,-0.000008420076126402075,733.4018390059472,54.155782216976604,-276.7554134355888,7649.187,5099.457999999999,7595.031217783024,5376.213413435587
0.18476121880237883,332,0.6170127600860595,-0.21374783172173933,-0.00001841211497783661,731.2988383322954,53.720159098021924,-275.9618282685804,7649.187,5099.457999999999,7595.466840901978,5375.419828268579
0.18555529890937805,333,0.6163247495269775,-0.21346068532510237,-0.00002592943635853854,729.3612452119589,53.2875487971084,-275.2306610467808,7649.187,5099.457999999999,7595.899451202891,5374.688661046779
0.18634937901637727,334,0.6156642978286743,-0.2132584726160223,-0.00003135337797078219,727.6465075135231,52.85072612950117,-274.5835902113608,7649.187,5099.457999999999,7596.336273870499,5374.041590211359
0.1871434591233765,335,0.6150143114974281,-0.2131687707489187,-0.000034324690103530885,726.2173712700605,52.4046958378934,-274.04429351086253,7649.187,5099.457999999999,7596.782304162107,5373.502293510861
0.1879375392303757,336,0.6143797478641163,-0.2131860437380184,-0.000035153497809713536,725.0537561446429,51.947636409445806,-273.60519345958454,7649.187,5099.457999999999,7597.239363590554,5373.063193459583
0.18873161933737492,337,0.6137715808660333,-0.2132799533180757,-0.00003486904881217263,724.0767838716507,51.48132629738063,-273.23652467400643,7649.187,5099.457999999999,7597.70567370262,5372.694524674005
0.18952569944437414,338,0.6131736525483565,-0.21345051543019034,-0.00003271627725525336,723.2874762326479,51.006134505088454,-272.93867273208036,7649.187,5099.457999999999,7598.180865494912,5372.396672732079
0.19031977955137336,339,0.6125877959268743,-0.21370783262339504,-0.000030680340528488157,722.7299747169018,50.52821419784635,-272.7282947997174,7649.187,5099.457999999999,7598.658785802154,5372.186294799716
0.19111385965837258,340,0.6120230517820878,-0.2140050777417963,-0.000031159115569158035,722.2945979297161,50.05486412696342,-272.56400167099935,7649.187,5099.457999999999,7599.1321358730365,5372.022001670998
0.1919079397653718,341,0.6114884622990001,-0.21431653775648635,-0.00003160428460348736,721.9359206199647,49.59567749244903,-272.42865174157356,7649.187,5099.457999999999,7599.591322507551,5371.886651741573
0.192702019872371,342,0.6109844738284024,-0.21461902307250283,-0.000029593093449419196,721.5995785176755,49.15425057033195,-272.301730192398,7649.187,5099.457999999999,7600.032749429668,5371.759730192397
0.19349609997937023,343,0.6105003780243613,-0.21491556973197243,-0.00002940492965958335,721.2798690974713,48.725274776904854,-272.18108512708454,7649.187,5099.457999999999,7600.461725223095,5371.6390851270835
0.19429018008636945,344,0.6100394593152132,-0.215210743876804,-0.000029403957480734045,720.9958389401436,48.31118991153278,-272.07390393467585,7649.187,5099.457999999999,7600.875810088467,5371.531903934674
0.19508426019336866,345,0.6096087687232277,-0.21548718224352054,-0.000029258954701098528,720.7115631580353,47.9164926515526,-271.96663005366986,7649.187,5099.457999999999,7601.270507348448,5371.424630053669
0.19587834030036788,346,0.6092126777614246,-0.21577255601796236,-0.000029044161330569873,720.5111692607403,47.544158453427514,-271.8910097143876,7649.187,5099.457999999999,7601.6428415465725,5371.349009714387
0.1966724204073671,347,0.6088475282634388,-0.2161144073529677,-0.000028841421441598373,720.4941341161729,47.182294391744136,-271.8845813578892,7649.187,5099.457999999999,7602.004705608256,5371.342581357888
0.19746650051436632,348,0.6085093690837513,-0.21649968659747731,-0.00003113427672873844,720.6188693016768,46.828774935544914,-271.93165123963496,7649.187,5099.457999999999,7602.358225064455,5371.389651239634
0.19826058062136553,349,0.6081865283879366,-0.21694834758411755,-0.000030667290728200564,720.9138808727265,46.473610335862645,-272.04297636178734,7649.187,5099.457999999999,7602.713389664137,5371.500976361786
0.19905466072836475,350,0.6078879409165816,-0.21743913773710077,-0.000028775502558458934,721.3212335079909,46.11703531039046,-272.1966943387418,7649.187,5099.457999999999,7603.069964689609,5371.65469433874
0.19984874083536397,351,0.6076248775187405,-0.21798627830808812,-0.000025910620967095548,721.8971887171269,45.76549424683688,-272.41403592905044,7649.187,5099.457999999999,7603.421505753163,5371.872035929049
0.2006428209423632,352,0.6074162857714566,-0.2185806233544783,-0.000025068612586368213,722.6252366304398,45.42226638654512,-272.6887709931497,7649.187,5099.457999999999,7603.764733613455,5372.1467709931485
0.2014369010493624,353,0.6072627512116865,-0.21916932265325026,-0.00002623248239132491,723.3815503776074,45.09557497513279,-272.97417240974295,7649.187,5099.457999999999,7604.091425024867,5372.432172409742
0.20223098115636162,354,0.6071540733614834,-0.21974247544722122,-0.00003000520456243645,724.1401100873948,44.78589538322683,-273.26042135940787,7649.187,5099.457999999999,7604.401104616773,5372.718421359406
0.20302506126336084,355,0.6070738189835981,-0.22030515283194455,-0.000032146764241836285,724.9057829856873,44.489791690861665,-273.5493545311744,7649.187,5099.457999999999,7604.697208309139,5373.007354531173
0.20381914137036006,356,0.6070031510353088,-0.22082587861451236,-0.00003396183038299734,725.5935465365649,44.20790690491066,-273.8088879489349,7649.187,5099.457999999999,7604.979093095089,5373.266887948934
0.20461322147735928,357,0.606928416631872,-0.2212916879406842,-0.0000354051522301002,726.1627568483353,43.93838375475272,-274.02368429493174,7649.187,5099.457999999999,7605.248616245247,5373.48168429493
0.2054073015843585,358,0.6068608814256842,-0.2217207228001681,-0.00003538808533413844,726.6667420983315,43.68248317124815,-274.2138674098489,7649.187,5099.457999999999,7605.504516828752,5373.671867409847
0.2062013816913577,359,0.6068062666563554,-0.22213242726152593,-0.000034024409184401685,727.1648431599141,43.44238120676175,-274.40183007628815,7649.187,5099.457999999999,7605.744618793238,5373.859830076287
0.20699546179835693,360,0.6067720479271628,-0.2225415724741329,-0.00003164894722402096,727.7030454605818,43.22007273275551,-274.60492528591453,7649.187,5099.457999999999,7605.9669272672445,5374.0629252859135
0.20778954190535615,361,0.6067605220205133,-0.22293567599513311,-0.000027673240473324604,728.2533847212792,43.01798365685548,-274.81260048049893,7649.187,5099.457999999999,7606.169016343144,5374.270600480498
0.20858362201235536,362,0.6067678821737116,-0.22331467743093317,-0.00002222362664612857,728.8013806164265,42.83071249870213,-275.0193913861886,7649.187,5099.457999999999,7606.356287501298,5374.477391386187
0.20937770211935458,363,0.60678601317319,-0.2236645488947088,-0.000014956208995797418,729.3053019046783,42.65709694205182,-275.2095503645982,7649.187,5099.457999999999,7606.529903057948,5374.6675503645965
0.2101717822263538,364,0.6068098919573697,-0.2239609864243594,-0.000007664314603263682,729.7030820369721,42.49898539197022,-275.35965607624826,7649.187,5099.457999999999,7606.688014608029,5374.817656076247
0.21096586233335302,365,0.6068346415328979,-0.22416792180711573,0.0000016003819487311623,729.9103624820709,42.362045919097255,-275.43787511283836,7649.187,5099.457999999999,7606.824954080903,5374.8958751128375
0.21175994244035223,366,0.6068576878686385,-0.22430198606924576,0.00001167819089510224,729.9725566625596,42.2461237599442,-275.46134461512065,7649.187,5099.457999999999,7606.940876240055,5374.919344615119
0.21255402254735145,367,0.6068830096383528,-0.22434569312355734,0.000023645321902903643,729.8551667094231,42.15638179389529,-275.41704651919895,7649.187,5099.457999999999,7607.030618206105,5374.875046519198
0.21334810265435067,368,0.6069144832680442,-0.22430024364384737,0.00003394601876085455,729.5656104326249,42.09437080878948,-275.3077799986694,7649.187,5099.457999999999,7607.09262919121,5374.765779998668
0.2141421827613499,369,0.6069477710931952,-0.22413879460898312,0.000039718146886337886,729.0522891044617,42.06852928627785,-275.1140738353556,7649.187,5099.457999999999,7607.118470713722,5374.572073835354
0.2149362839600144,370,0.6069786723882501,-0.22383712973291223,0.00004519896315580064,728.2563284218312,42.08181909246511,-274.8137113109059,7649.187,5099.457999999999,7607.105180907535,5374.271711310905
0.21573038515867893,371,0.6069983918796885,-0.22340257963917473,0.00005148477697914297,727.1653490126133,42.12194684080768,-274.40202096410087,7649.187,5099.457999999999,7607.065053159192,5373.8600209641
0.21652448635734345,372,0.6070009174554999,-0.22286306063435293,0.00005681100913069465,725.8316479265691,42.17962163211874,-273.89873753087693,7649.187,5099.457999999999,7607.007378367881,5373.356737530876
0.21731858755600797,373,0.6069890811538696,-0.22218630852959373,0.00005935709616000002,724.1746760070324,42.25799384998567,-273.2734651027847,7649.187,5099.457999999999,7606.929006150014,5372.731465102784
0.2181126887546725,374,0.606962245611711,-0.22138065511270003,0.00006097605594179846,722.2110269457103,42.35466239141377,-272.5324654503361,7649.187,5099.457999999999,7606.832337608586,5371.990465450335
0.218906789953337,375,0.6069218209492077,-0.22046007458340036,0.00006280717674981464,719.9777876019479,42.46909279614448,-271.6897336149192,7649.187,5099.457999999999,7606.717907203855,5371.147733614918
0.21970089115200153,376,0.6068619152797352,-0.21945831881436434,0.00006317149089818652,717.5344069123269,42.588625532435486,-270.7677031577102,7649.187,5099.457999999999,7606.598374467564,5370.225703157709
0.22049499235066605,377,0.6067968267163364,-0.2183833506306735,0.0000628166088597341,714.9066661328078,42.714710127136414,-269.77610285463066,7649.187,5099.457999999999,7606.472289872863,5369.23410285463
0.22128909354933057,378,0.6067411108173023,-0.21726292429447172,0.00006058377299796451,712.181192830205,42.851179076976905,-268.7476223538293,7649.187,5099.457999999999,7606.335820923023,5368.205622353828
0.2220831947479951,379,0.6067089729985324,-0.2161044560688192,0.00006060299163514918,709.4010726869107,43.00658016221777,-267.6985204035248,7649.187,5099.457999999999,7606.180419837782,5367.156520403523
0.22287729594665961,380,0.6067030570949207,-0.21494508885643698,0.000059783226508985864,706.6666482448578,43.180159618813235,-266.6666621142213,7649.187,5099.457999999999,7606.0068403811865,5366.12466211422
0.22367139714532414,381,0.6067269735197588,-0.2137918937990882,0.00005774128772995689,703.986462777853,43.367789191350255,-265.65527136285596,7649.187,5099.457999999999,7605.81921080865,5365.113271362855
0.22446549834398866,382,0.606780826065757,-0.21264677452390846,0.000055155600871552116,701.3424974739552,43.56069005527908,-264.65754859769163,7649.187,5099.457999999999,7605.626309944721,5364.115548597691
0.22525959954265318,383,0.6068610604997114,-0.21152942531152205,0.00005335784741423347,698.774048793316,43.75321417848073,-263.68832267174923,7649.187,5099.457999999999,7605.433785821519,5363.146322671748
0.2260537007413177,384,0.6069627697719228,-0.21045761269309304,0.00005158842814239589,696.3089336693288,43.93738598560918,-262.7580905411207,7649.187,5099.457999999999,7605.24961401439,5362.216090541119
0.22684780193998222,385,0.607086486048265,-0.20945934402205726,0.000049551402926445003,694.0164673566819,44.11024187681707,-261.8930089059237,7649.187,5099.457999999999,7605.076758123183,5361.351008905923
0.22764190313864674,386,0.6072178161308982,-0.20854752137140792,0.000051052501384507526,691.9198983430863,44.26714009530397,-261.1018507804677,7649.187,5099.457999999999,7604.919859904696,5360.559850780466
0.22843600433731126,387,0.6073450790561329,-0.20776037167375738,0.000053443430973724884,690.1161248743534,44.40490003593064,-260.4211815408597,7649.187,5099.457999999999,7604.782099964069,5359.879181540859
0.22923010553597578,388,0.607457143722881,-0.2071222228379683,0.00005467407553033395,688.6692190945149,44.522405223578176,-259.87517935487625,7649.187,5099.457999999999,7604.664594776422,5359.333179354875
0.2300242067346403,389,0.6075438854963129,-0.2066281385304711,0.00005472871944308281,687.5542747676373,44.61538957045107,-259.4544456428352,7649.187,5099.457999999999,7604.571610429549,5358.9124456428335
0.23081830793330482,390,0.6075954968781905,-0.20624399900436402,0.00005513818778774955,686.6669591903687,44.679957830351356,-259.11960957292894,7649.187,5099.457999999999,7604.507042169648,5358.577609572928
0.23161240913196934,391,0.6076169632894343,-0.20593416017142208,0.00005533601411364295,685.9068162083627,44.715262520847006,-258.832763162044,7649.187,5099.457999999999,7604.471737479153,5358.290763162043
0.23250715853686188,392,0.6071536484995755,-0.20465127622734416,0.000030148903239857068,683.2671708047391,45.0530326495259,-257.83667054794125,7649.187,5099.457999999999,7604.1339673504735,5357.29467054794
0.23340190794175442,393,0.6069020194348422,-0.20245286876938562,0.000025308031927455555,678.8837132930756,45.68466473816173,-256.1825356229975,7649.187,5099.457999999999,7603.502335261838,5355.640535622996
0.23429665734664695,394,0.6069584101971713,-0.200254482589635,0.000031427280022339384,675.0554339379073,46.525775896058576,-254.73790189106873,7649.187,5099.457999999999,7602.661224103941,5354.1959018910675
0.2351914067515395,395,0.6072399161130732,-0.19860563702930104,0.00004132199235937812,672.8207370549441,47.39686086108321,-253.89462004085416,7649.187,5099.457999999999,7601.790139138917,5353.352620040853
0.23608615615643203,396,0.6076276139103283,-0.19773164949026975,0.00003929953117262233,672.2530726313591,48.09136562286207,-253.68040704889486,7649.187,5099.457999999999,7601.095634377138,5353.138407048894
0.23698090556132456,397,0.6080293046223033,-0.19771786995454269,0.00003119560848582875,673.1815224736929,48.45605115923803,-254.03076548311634,7649.187,5099.457999999999,7600.730948840762,5353.4887654831155
0.2378756549662171,398,0.6084032441971519,-0.19855742331374776,0.000013065875253894112,675.4126639306546,48.425076098874115,-254.8727056631296,7649.187,5099.457999999999,7600.761923901126,5354.330705663128
0.23877040437110963,399,0.6087290759207986,-0.2001264357063987,-0.00000602126651189544,678.6619447827339,48.01985856293598,-256.09884939192693,7649.187,5099.457999999999,7601.167141437064,5355.556849391925
0.23966515377600217,400,0.6089798879866166,-0.20223722340150313,-0.000019329167116772044,682.6345634520054,47.32429451417656,-257.597950790045,7649.187,5099.457999999999,7601.862705485823,5357.055950790043
0.2405599031808947,401,0.6091337381380254,-0.2046688586984981,-0.00002799726845188574,687.0287173241377,46.45420302173605,-259.25612207746616,7649.187,5099.457999999999,7602.732796978264,5358.714122077465
0.24145465258578724,402,0.609179829826355,-0.20725696642268787,-0.000033006019470366565,691.7198430925608,45.533486122411205,-261.0263582324204,7649.187,5099.457999999999,7603.653513877589,5360.484358232419
0.24234940199067978,403,0.6091311687417464,-0.20978102487997574,-0.00003589083731174469,696.3726912617684,44.66491928042356,-262.7821500101823,7649.187,5099.457999999999,7604.5220807195765,5362.240150010181
0.24324415139557232,404,0.6090116979945789,-0.21209362047152086,-0.00004118077624927868,700.789668378234,43.92721039720746,-264.4489338427124,7649.187,5099.457999999999,7605.259789602793,5363.906933842711
0.24413890080046485,405,0.6088626381787386,-0.2141142920767177,-0.00004869285708123987,704.8730286300183,43.36713271718108,-265.9898245176264,7649.187,5099.457999999999,7605.819867282818,5365.447824517625
0.2450336502053574,406,0.608726222112829,-0.2158140618311275,-0.00006221352989023382,708.5575501680374,42.990203598399376,-267.3802100161805,7649.187,5099.457999999999,7606.1967964016,5366.838210016179
0.24592839961024993,407,0.6086327826898748,-0.21723324719862505,-0.0000768327351727269,711.9231892615558,42.78467563289752,-268.6502625157272,7649.187,5099.457999999999,7606.402324367103,5368.108262515726
0.24682314901514246,408,0.6085899386319247,-0.21844336384989996,-0.00008433063382452184,715.0491079151631,42.70606373981636,-269.8298544710974,7649.187,5099.457999999999,7606.480936260184,5369.287854471097
0.247717898420035,409,0.6086039878671818,-0.21955013996991243,-0.00008318477950312873,718.0974752902985,42.705634254657355,-270.98018179281866,7649.187,5099.457999999999,7606.481365745342,5370.438181792817
0.24861264782492754,410,0.6086701907626065,-0.2206174624300003,-0.00007855256015604193,721.1191142499447,42.736140030707816,-272.120422919925,7649.187,5099.457999999999,7606.450859969292,5371.5784229199235
0.24950739722982007,411,0.6087818309887972,-0.22171285369049418,-0.00007259611800312997,724.2095548719168,42.76342450974181,-273.2866269387086,7649.187,5099.457999999999,7606.423575490258,5372.744626938707
0.2504021466347126,412,0.6089026575019143,-0.2229017225412889,-0.00006366838456554846,727.4904607176782,42.76539048830594,-274.5247046274933,7649.187,5099.457999999999,7606.4216095116935,5373.982704627492
0.25129689603960514,413,0.6090221252996272,-0.22418451944134452,-0.0000524729605696418,730.9243196845055,42.72741409666861,-275.82050047569004,7649.187,5099.457999999999,7606.459585903332,5375.278500475689
0.2521916454444977,414,0.6091236973519759,-0.2255241680613431,-0.00004294703758575699,734.3969657540322,42.644963473753506,-277.1309329665466,7649.187,5099.457999999999,7606.542036526246,5376.588932966545
0.2530863948493902,415,0.6091901916816017,-0.22688186400760305,-0.00003600157462737777,737.8187263131142,42.52454628657878,-278.4221633778173,7649.187,5099.457999999999,7606.662453713421,5377.880163377816
0.25398114425428275,416,0.6092174714677984,-0.2282164088422602,-0.00003754721500656821,741.1052902907134,42.37718260349979,-279.66237621071093,7649.187,5099.457999999999,7606.8098173965,5379.12037621071
0.2548758936591753,417,0.6091873582389138,-0.22949707616589285,-0.000045387468744408,744.196369946003,42.21206972789432,-280.8288213741448,7649.187,5099.457999999999,7606.974930272106,5380.286821374144
0.2557706430640678,418,0.6090879985583912,-0.23075269981124183,-0.000050502209202809764,747.2176861763,42.04666988661438,-281.96894071659,7649.187,5099.457999999999,7607.140330113385,5381.426940716588
0.25666539246896036,419,0.6089283473916488,-0.2319381544225866,-0.00005777806593613191,750.0669406414032,41.88929846357405,-283.0441310904533,7649.187,5099.457999999999,7607.297701536426,5382.502131090452
0.2575601418738529,420,0.6087313471412659,-0.2330419765585119,-0.00006392780489542268,752.7498495936394,41.75403150683013,-284.0565495721039,7649.187,5099.457999999999,7607.43296849317,5383.514549572103
0.25845489127874544,421,0.6085055444838784,-0.2340518009818684,-0.00006164030866189436,755.2562106966973,41.64987568078601,-285.0023462232765,7649.187,5099.457999999999,7607.537124319214,5384.460346223275
0.25934964068363797,422,0.6082557099515741,-0.23500373407277195,-0.00005940933925184337,757.6975008010864,41.58135655889387,-285.92358778039096,7649.187,5099.457999999999,7607.605643441106,5385.38158778039
0.2602443900885305,423,0.6079875073398243,-0.23589002160982653,-0.00005679631562395529,760.0312574863434,41.54051294208304,-286.8042506884112,7649.187,5099.457999999999,7607.646487057917,5386.26225068841
0.26113913949342304,424,0.607704916305542,-0.23670983915025537,-0.00005637347597967494,762.2367353886366,41.520373595300185,-287.636506508085,7649.187,5099.457999999999,7607.6666264047,5387.094506508084
0.2620338888983156,425,0.6073997223368558,-0.23746758348811756,-0.00005869353801012039,764.3097067534924,41.51477162714281,-288.4187598603515,7649.187,5099.457999999999,7607.672228372857,5387.87675986035
0.2629286383032081,426,0.6070666716124795,-0.2382249936246872,-0.000058528083264827724,766.3953391849996,41.51429490169696,-289.20579097366146,7649.187,5099.457999999999,7607.672705098303,5388.66379097366
0.26382338770810065,427,0.606708330860138,-0.23900922883987424,-0.0000567610395767472,768.5586308121682,41.51523248904945,-290.0221274440885,7649.187,5099.457999999999,7607.67176751095,5389.480127444087
0.2647181371129932,428,0.6063195194331081,-0.23981209245898508,-0.000050723570815541524,770.7513077497483,41.50789021988402,-290.849552710997,7649.187,5099.457999999999,7607.679109780116,5390.307552710996
0.2656128865178857,429,0.6058987883064963,-0.24063300354480743,-0.00004187623086300763,772.9349116116763,41.47835951784978,-291.6735541757418,7649.187,5099.457999999999,7607.70864048215,5391.13155417574
0.26650763592277826,430,0.6054520382152904,-0.24145980325178668,-0.0000329582236029885,775.052368953824,41.41774524358166,-292.47259468940155,7649.187,5099.457999999999,7607.769254756418,5391.9305946894
0.2674023853276708,431,0.6049866509420222,-0.24223880420338023,-0.00002294070400974967,776.9342860043049,41.31794600538714,-293.18275207333073,7649.187,5099.457999999999,7607.869053994613,5392.640752073329
0.26829713473256334,432,0.6045120254152472,-0.24295486547990278,-0.00001516146491874348,778.5559212505818,41.18536796767478,-293.79468990762,7649.187,5099.457999999999,7608.001632032325,5393.252689907618
0.2691918841374559,433,0.6040298436667703,-0.2435759330060265,-0.000009770957041870462,779.8395914018155,41.0240245099003,-294.27909374263237,7649.187,5099.457999999999,7608.1629754901,5393.737093742631
0.2700866335423484,434,0.6035369247800654,-0.24408177078463814,-0.00000803326744924892,780.7503458917141,40.841766867176204,-294.62277468530885,7649.187,5099.457999999999,7608.3452331328235,5394.080774685308
0.27098138294724095,435,0.6030401988497648,-0.24447165588335557,-0.00000927899723703211,781.3303644239903,40.65526356899028,-294.8416496051181,7649.187,5099.457999999999,7608.531736431009,5394.299649605116
0.2718761323521335,436,0.6025520511973987,-0.24471450077013535,-0.000009248306669972159,781.5282162070275,40.477429646920484,-294.91631065599256,7649.187,5099.457999999999,7608.7095703530795,5394.374310655991
0.272770881757026,437,0.6020875174401022,-0.2448103316740556,-0.00000778385200283744,781.3650477528572,40.3162176455393,-294.8547376538649,7649.187,5099.457999999999,7608.870782354461,5394.312737653863
0.27366563116191855,438,0.6016652760523016,-0.24475465215162795,-0.000002959718406200409,780.8545899540186,40.1814841553815,-294.66211206766445,7649.187,5099.457999999999,7609.0055158446185,5394.120112067663
0.2745603805668111,439,0.6012998434066772,-0.24451288585229353,0.000002126854102719914,779.892631751299,40.06985458171354,-294.29910896903266,7649.187,5099.457999999999,7609.117145418287,5393.757108969032
0.2754551299717036,440,0.6009925960558111,-0.244079272701957,0.000005994363711638884,778.4552970141173,39.97830802978632,-293.7567184972918,7649.187,5099.457999999999,7609.208691970213,5393.214718497291
0.27634987937659616,441,0.6007336489729448,-0.24349240153832868,0.000008864533034237949,776.6472753465176,39.906227743311405,-293.07444616375733,7649.187,5099.457999999999,7609.280772256689,5392.532446163756
0.2772446287814887,442,0.6005132810367237,-0.24275840729713438,0.00001100533669645136,774.4720082700253,39.848533685987576,-292.25359065580903,7649.187,5099.457999999999,7609.338466314012,5391.711590655807
0.27813937818638124,443,0.6003288478504527,-0.24191979284763335,0.000009368140331723473,772.0359425842762,39.80120262822686,-291.33432057744443,7649.187,5099.457999999999,7609.385797371773,5390.792320577443
0.2790341275912738,444,0.600168984042081,-0.24096025349963796,0.000007924512895670803,769.2791803061963,39.758584157675216,-290.29403291597936,7649.187,5099.457999999999,7609.428415842324,5389.752032915978
0.2799288769961663,445,0.6000246795897051,-0.23984901176495985,0.0000068618435073982584,766.1020104795695,39.71505201143847,-289.0951008951448,7649.187,5099.457999999999,7609.471947988562,5388.553100895144
0.28082362640105885,446,0.5998984092261574,-0.2385816335951198,0.000006910925372080369,762.4879371076822,39.6689915322053,-287.73129961046453,7649.187,5099.457999999999,7609.518008467795,5387.189299610463
0.2817183758059514,447,0.5997845232009887,-0.23715436601985582,0.000009023314199664375,758.426026237011,39.62017880423795,-286.1985030417038,7649.187,5099.457999999999,7609.566821195762,5385.656503041702
0.2826131252108439,448,0.5996807663050564,-0.23556668530030683,0.000011247883249412883,753.9312644839288,39.57481370553535,-284.5023665158467,7649.187,5099.457999999999,7609.612186294465,5383.960366515846
0.28350787461573645,449,0.5995841288306496,-0.23386495472041044,0.000012569286078214645,749.1426782488824,39.53715337710318,-282.69535282598673,7649.187,5099.457999999999,7609.649846622897,5382.153352825985
0.284402624020629,450,0.5994872149502147,-0.23207491596091875,0.000013427380946549503,744.1238509088755,39.50442695156491,-280.80145569951094,7649.187,5099.457999999999,7609.682573048435,5380.25945569951
0.2852973734255215,451,0.5993961946418068,-0.23021844481034712,0.000015530496767976064,738.9272216022015,39.47367770213421,-278.8404634906703,7649.187,5099.457999999999,7609.7133222978655,5378.298463490669
0.28619212283041406,452,0.5993152245296132,-0.2283298092959144,0.000018926964876326645,733.6356986224652,39.44056201938389,-276.8436623482764,7649.187,5099.457999999999,7609.746437980616,5376.301662348275
0.2870868722353066,453,0.5992377596334977,-0.2264319581755725,0.00002422913066365502,728.2928041398526,39.39764267614686,-274.8274757329246,7649.187,5099.457999999999,7609.789357323853,5374.285475732923
0.28798162164019914,454,0.599154200181094,-0.22453043937336314,0.000029983923611315813,722.9015687435866,39.340294905478515,-272.79304726319987,7649.187,5099.457999999999,7609.846705094521,5372.251047263198
0.2888763710450917,455,0.5990634512225064,-0.22265798783215607,0.00003664566176858815,717.5622508615256,39.272316324008756,-270.77821030844575,7649.187,5099.457999999999,7609.914683675991,5370.236210308444
0.2897711204499842,456,0.5989671720366044,-0.22085612239187413,0.000042168873155658894,712.3900076270104,39.19399375291235,-268.82642039106855,7649.187,5099.457999999999,7609.993006247088,5368.284420391067
0.29066586985487675,457,0.5988637725864757,-0.21913023002060975,0.000046307686499573966,707.3872993767262,39.10065458756728,-266.93860594001455,7649.187,5099.457999999999,7610.086345412433,5366.396605940014
0.2915606192597693,458,0.5987533686030995,-0.2174934541901675,0.00004756652204827829,702.5839067280293,38.989871034344446,-265.1260049241984,7649.187,5099.457999999999,7610.197128965656,5364.584004924197
0.2924553686646618,459,0.5986364350891112,-0.21598421305613083,0.0000471043629266999,698.0827379941941,38.86053161638762,-263.42745066973356,7649.187,5099.457999999999,7610.326468383612,5362.885450669733
0.29335011806955436,460,0.598513457440463,-0.21460282877618614,0.00004376589966091243,693.8801936477423,38.71094306195141,-261.8415848643518,7649.187,5099.457999999999,7610.476056938049,5361.29958486435
0.2942448674744469,461,0.5983857900186018,-0.2133589723660729,0.000041100615384903825,690.0031466752291,38.54119080155061,-260.3785482577877,7649.187,5099.457999999999,7610.64580919845,5359.8365482577865
0.29513961687933943,462,0.5982515882908215,-0.21225967602773146,0.000035818550437688825,686.4793853878975,38.354449345315516,-259.0488270053218,7649.187,5099.457999999999,7610.832550654684,5358.506827005321
0.29603436628423196,463,0.5981080310336027,-0.2113310972096703,0.000027458026300777088,683.4041824102402,38.15947374318509,-257.88837304104834,7649.187,5099.457999999999,7611.027526256815,5357.346373041047
0.2969291156891245,464,0.5979549186671863,-0.21061161344224755,0.000016279630796475846,680.9081324368716,37.96564244904525,-256.94646738224634,7649.187,5099.457999999999,7611.221357550955,5356.4044673822455
0.29782386509401704,465,0.59778530143391,-0.2100966251564026,0.000005141993286934766,678.960777848959,37.76624436686953,-256.2116165877434,7649.187,5099.457999999999,7611.42075563313,5355.669616587742
0.2987186144989096,466,0.597602135810852,-0.209755661536997,-0.000003945740380070426,677.4564859718084,37.55309976347962,-255.64395927050393,7649.187,5099.457999999999,7611.63390023652,5355.101959270502
0.2996133639038021,467,0.5974048407554626,-0.2095464025107297,-0.000013769472688436508,676.2701118558646,37.32298590292925,-255.1962709208369,7649.187,5099.457999999999,7611.864014097071,5354.654270920835
0.30050811330869465,468,0.5971863389812816,-0.20945672202717175,-0.00002352103662761775,675.3674454599619,37.07560124683508,-254.8556420891298,7649.187,5099.457999999999,7612.111398753164,5354.313642089129
0.3014028627135872,469,0.5969389943504334,-0.2094776857319745,-0.000027630811889063227,674.7251917123795,36.811444586648975,-254.6132821822012,7649.187,5099.457999999999,7612.375555413351,5354.0712821822
0.3022976121184797,470,0.596664146898443,-0.20959413560563867,-0.00003196843800219623,674.3222693771124,36.538321102539754,-254.46123601658152,7649.187,5099.457999999999,7612.64867889746,5353.91923601658
0.30319236152337226,471,0.5963620919921181,-0.20980444333856757,-0.000037824582240798254,674.1714284539223,36.26273513001598,-254.4043149129788,7649.187,5099.457999999999,7612.924264869984,5353.862314912977
0.3040871109282648,472,0.5960354627921364,-0.2101449562181126,-0.000039914925870570266,674.3891678124667,35.99085686378808,-254.48648070939515,7649.187,5099.457999999999,7613.1961431362115,5353.944480709394
0.30498186033315733,473,0.5956886365699768,-0.21060619125626304,-0.00004054053064097058,674.9436074882747,35.72051594818612,-254.69570323045036,7649.187,5099.457999999999,7613.4664840518135,5354.1537032304495
0.30587660973804986,474,0.5953264415827664,-0.21117886894226073,-0.00003978652913462032,675.7903951227665,35.44462390072164,-255.0152457369071,7649.187,5099.457999999999,7613.742376099278,5354.4732457369055
0.3067713591429424,475,0.5949521425958113,-0.21186154112902555,-0.000037278790501031005,676.9063453137875,35.15593720600387,-255.43635902032636,7649.187,5099.457999999999,7614.031062793996,5354.894359020325
0.30766610854783494,476,0.5945702400554309,-0.21267375041094694,-0.00003477026183496822,678.3388391107321,34.85201633422486,-255.97692272215002,7649.187,5099.457999999999,7614.334983665775,5355.434922722149
0.3085608579527275,477,0.5941806815736944,-0.21360014090928164,-0.000030064239190383394,680.0499686658383,34.534522522388244,-256.6226319940372,7649.187,5099.457999999999,7614.652477477612,5356.080631994036
0.30945560735762,478,0.5937778133270957,-0.21460766781286758,-0.000022887058610265905,681.9417061805725,34.20082208251836,-257.33649521356705,7649.187,5099.457999999999,7614.986177917482,5356.794495213566
0.31035035676251255,479,0.5933555833157627,-0.2156714930976521,-0.000020334119146520438,683.9482997119427,33.8519279892991,-258.093700326557,7649.187,5099.457999999999,7615.335072010701,5357.551700326556
0.3112451061674051,480,0.5929230752979625,-0.21681256796836854,-0.00001593125939369202,686.1504670828581,33.49651604235467,-258.9247068890959,7649.187,5099.457999999999,7615.6904839576455,5358.382706889095
0.3121398555722976,481,0.5924862182391774,-0.21801326469378038,-0.000013497566553679379,688.5170784920455,33.14116736268619,-259.817767806258,7649.187,5099.457999999999,7616.045832637314,5359.275767806257
0.31303460497719016,482,0.5920488429190897,-0.21924858759446575,-0.000012816111973740837,690.997944560647,32.7929315109653,-260.75394368962475,7649.187,5099.457999999999,7616.394068489035,5360.211943689624
0.3139293543820827,483,0.5916139971074191,-0.22049217153115705,-0.000010717041776938872,693.5330576360226,32.45657691782344,-261.71059014176956,7649.187,5099.457999999999,7616.7304230821765,5361.168590141769
0.31482410378697523,484,0.5911844566622647,-0.22173174041748045,-0.000008881817189129916,696.0982279121877,32.13573926375571,-262.678578933937,7649.187,5099.457999999999,7617.051260736244,5362.136578933936
0.31571885319186777,485,0.5907659356602755,-0.22295516391927545,-0.000006996012966741215,698.6635141372681,31.831732328233727,-263.6466114804125,7649.187,5099.457999999999,7617.355267671766,5363.104611480411
0.3166136025967603,486,0.5903641868019104,-0.22416961300329727,-0.000010769321078603917,701.2492412507535,31.54476997565982,-264.6223575697517,7649.187,5099.457999999999,7617.64223002434,5364.08035756975
0.31750835200165284,487,0.5899792220254377,-0.22535410609245302,-0.000014869939644228328,703.7928225398064,31.273049914086272,-265.5821995742564,7649.187,5099.457999999999,7617.913950085914,5365.040199574255
0.3184031014065454,488,0.5896094834570451,-0.22649231549783186,-0.00002375571687113155,706.2445695132018,31.014798282265787,-266.5073871197106,7649.187,5099.457999999999,7618.172201717734,5365.96538711971
0.3192978508114379,489,0.5892555437122692,-0.22761506983150137,-0.00003454605391079729,708.7124763190747,30.778713920498063,-267.4386727152111,7649.187,5099.457999999999,7618.4082860795015,5366.89667271521
0.32019260021633045,490,0.5889204644654014,-0.22870674260226162,-0.00004367453459988941,711.1546294689178,30.56522786918893,-268.36023994985834,7649.187,5099.457999999999,7618.621772130811,5367.818239949857
0.321087349621223,491,0.5886092224294488,-0.22976470026319679,-0.000052295101217248226,713.5702963232994,30.376801858518462,-269.2718123559395,7649.187,5099.457999999999,7618.810198141481,5368.7298123559385
0.3219820990261155,492,0.5883282844942266,-0.2307811884875731,-0.00006025597645477815,715.9401488989593,30.21420477532135,-270.16609635480035,7649.187,5099.457999999999,7618.9727952246785,5369.624096354799
0.32287684843100806,493,0.5880767498120395,-0.2317619448774511,-0.00006362291380763054,718.2752863109113,30.075659364015735,-271.0472802917668,7649.187,5099.457999999999,7619.111340635985,5370.505280291765
0.3237715978359006,494,0.5878516303045099,-0.23270355533383108,-0.000060358314189043916,720.5490356355906,29.954650137621144,-271.90529891257285,7649.187,5099.457999999999,7619.232349862379,5371.363298912572
0.32466634724079313,495,0.5876467055719549,-0.23361991294644094,-0.000054397661821408706,722.7915278196335,29.84810209625701,-272.75152238586287,7649.187,5099.457999999999,7619.338897903743,5372.209522385861
0.32556109664568567,496,0.5874644927631725,-0.23449683533321727,-0.000047242347584529355,724.955665844679,29.752988736663696,-273.56817825171794,7649.187,5099.457999999999,7619.434011263336,5373.026178251716
0.3264558460505782,497,0.5873046463706276,-0.23531702324086967,-0.00004454269360412251,726.986261677742,29.666471070867146,-274.33444083712635,7649.187,5099.457999999999,7619.5205289291325,5373.7924408371255
0.32735059545547074,498,0.5871661203211004,-0.2360801448206468,-0.000045685582011938095,728.8942606627942,29.593024453026572,-275.05444046060495,7649.187,5099.457999999999,7619.5939755469735,5374.512440460604
0.3282453448603633,499,0.5870442289144342,-0.23673675962968305,-0.00005022620038552717,730.5359041064978,29.529805409223883,-275.67392855814205,7649.187,5099.457999999999,7619.657194590776,5375.131928558141
0.3291400942652558,500,0.5869367988239634,-0.23726295865188946,-0.00004987742518836802,731.8434934675694,29.476126424182524,-276.16735851015557,7649.187,5099.457999999999,7619.7108735758175,5375.625358510154
0.33003484367014835,501,0.5868390461748296,-0.23764025151079352,-0.000045032791346311564,732.7785867154598,29.43670621181073,-276.52022388989275,7649.187,5099.457999999999,7619.750293788189,5375.9782238898915
0.3309295930750409,502,0.5867428893210671,-0.23786250478050924,-0.000040385464822704145,733.3366010934114,29.416192583763774,-276.7307953551652,7649.187,5099.457999999999,7619.7708074162365,5376.188795355164
0.3318243424799334,503,0.5866461432786422,-0.23790925240646707,-0.00004095167012377219,733.4543954074384,29.412038001743696,-276.7752460401036,7649.187,5099.457999999999,7619.774961998256,5376.233246040102
0.33271909188482596,504,0.586552211858576,-0.2377846566659754,-0.000037300536144863476,733.1352204620839,29.42114150801183,-276.6548026634145,7649.187,5099.457999999999,7619.765858491988,5376.112802663413
0.3336138412897185,505,0.5864593777760593,-0.23752160366145045,-0.000027427488253875214,732.4566979229451,29.43860137841054,-276.39875641992637,7649.187,5099.457999999999,7619.748398621589,5375.856756419925
0.33450859069461103,506,0.586364239467274,-0.2371506281479922,-0.000019034906354817476,731.4865098297596,29.458209870880665,-276.0326477022229,7649.187,5099.457999999999,7619.728790129119,5375.490647702221
0.33540334009950357,507,0.5862615734481812,-0.23669618022615257,-0.000007828211228955874,730.2825535356999,29.476393353223926,-275.5783245683016,7649.187,5099.457999999999,7619.710606646776,5375.0363245683
0.3362980895043961,508,0.5861572280658376,-0.23614915570215744,0.0000074248239398002625,728.8064908385277,29.488150552261573,-275.0213197719045,7649.187,5099.457999999999,7619.698849447738,5374.479319771903
0.33719283890928864,509,0.5860579636105624,-0.23551001307574185,0.000017610146430405703,727.0587899148464,29.49318141897271,-274.3618099834497,7649.187,5099.457999999999,7619.693818581027,5373.819809983448
0.3380875883141812,510,0.5859686035641757,-0.23479748043537138,0.000027418132952668447,725.1015006661415,29.495428711961125,-273.6232102603122,7649.187,5099.457999999999,7619.691571288039,5373.081210260311
0.3389823377190737,511,0.5858889511559227,-0.2340010556862571,0.00003689365405928005,722.9110162436963,29.496903609749182,-272.79661235761296,7649.187,5099.457999999999,7619.690096390251,5372.254612357612
0.33987708712396625,512,0.585806383562955,-0.2331220985620672,0.00004310231956568631,720.4989619135857,29.50057923894022,-271.88640316825007,7649.187,5099.457999999999,7619.68642076106,5371.344403168248
0.3407718365288588,513,0.5857227595034512,-0.23215700577735898,0.00005201379040425474,717.8616792976857,29.508821551029,-270.89120217216424,7649.187,5099.457999999999,7619.678178448971,5370.349202172163
0.3416665859337513,514,0.5856419511899081,-0.23110751150608064,0.000056455836865034967,715.0085424423219,29.523364836066264,-269.8145467453592,7649.187,5099.457999999999,7619.663635163934,5369.272546745358
0.34256133533864386,515,0.5855624735017256,-0.22997236858541314,0.0000622492261908271,711.9340668469667,29.543436193336788,-268.65436726497586,7649.187,5099.457999999999,7619.643563806663,5368.112367264975
0.3434560847435364,516,0.5854835382322832,-0.22876733300165694,0.0000670394015583125,708.6836545437575,29.56978637307307,-267.42779657348416,7649.187,5099.457999999999,7619.617213626927,5366.885796573483
0.34435083414842893,517,0.5854100021501021,-0.22752670311927795,0.00007053494412790644,705.3588247954846,29.605063230372963,-266.1731438269988,7649.187,5099.457999999999,7619.581936769627,5365.631143826998
0.34524558355332147,518,0.5853479504013062,-0.22627293341680008,0.00007293142095208167,702.0186242222786,29.64820174205306,-264.9126907691658,7649.187,5099.457999999999,7619.538798257947,5364.370690769165
0.346140332958214,519,0.5853005349696766,-0.22501129372683437,0.00007568272111090746,698.6666567325592,29.69508263016914,-263.6477973654387,7649.187,5099.457999999999,7619.491917369831,5363.105797365437
0.34703508236310654,520,0.5852698135913502,-0.22374505113211546,0.00007713534943082115,695.3006933033466,29.7414678450277,-262.3776224750629,7649.187,5099.457999999999,7619.445532154972,5361.835622475061
0.3479298317679991,521,0.5852440036166797,-0.22248004432374782,0.00007975662670352242,691.9229166656733,29.782110351730495,-261.10298977013343,7649.187,5099.457999999999,7619.404889648269,5360.560989770132
0.3488245811728916,522,0.5852212570017034,-0.22121347051230342,0.00008295259664004499,688.5085658848286,29.810580566951643,-259.814555501619,7649.187,5099.457999999999,7619.376419433048,5359.272555501618
0.34971933057778415,523,0.5852066534094377,-0.21995844887169924,0.00008731449430639093,685.0976262509823,29.828326780455,-258.5274084583985,7649.187,5099.457999999999,7619.3586732195445,5357.985408458398
0.3506140799826767,524,0.5852001158731633,-0.21873491655609822,0.00008872450256889516,681.7502946734429,29.837335397375256,-257.2642644555098,7649.187,5099.457999999999,7619.349664602624,5356.722264455509
0.3515088293875692,525,0.5852043173009699,-0.2175879157395796,0.00008909749774770302,678.6143426418305,29.84653720006304,-256.0808863197263,7649.187,5099.457999999999,7619.340462799937,5355.538886319725
0.35240357879246176,526,0.5852251926976985,-0.21655003132906828,0.00008752815968611023,675.7956334143878,29.86200083352236,-255.0172224507442,7649.187,5099.457999999999,7619.324999166478,5354.475222450743
0.3532983281973543,527,0.5852562928702615,-0.21563016442732375,0.00008176202099431644,673.3090375125408,29.880083003618893,-254.0788843661334,7649.187,5099.457999999999,7619.306916996381,5353.536884366132
0.35419307760224683,528,0.585293818359375,-0.21482978115905416,0.00007581822484731673,671.1424283444882,29.894683252868617,-253.2612959934747,7649.187,5099.457999999999,7619.292316747131,5352.719295993474
0.35508782700713937,529,0.5853313630901683,-0.21416280976165425,0.0000737542650103569,669.3133460313082,29.89793878206794,-252.57107624644226,7649.187,5099.457999999999,7619.289061217932,5352.029076246441
0.3559825764120319,530,0.5853569202544473,-0.21364313935713333,0.00006587968106974255,667.8332010269165,29.879714379783223,-252.01253095674093,7649.187,5099.457999999999,7619.307285620217,5351.47053095674
0.35687732581692444,531,0.5853649822373823,-0.21328113794543527,0.00005912607420574535,666.7071994960309,29.83119463655015,-251.58762471484803,7649.187,5099.457999999999,7619.35580536345,5351.045624714847
0.357772075221817,532,0.5853479162719033,-0.21309914999745108,0.00004782089824026281,665.9868748903275,29.748593750330542,-251.31580410647666,7649.187,5099.457999999999,7619.438406249669,5350.773804106475
0.3586668246267095,533,0.5853108726674859,-0.21311247191125696,0.00003490063474936918,665.7117622852326,29.63092637659065,-251.21198802814834,7649.187,5099.457999999999,7619.556073623409,5350.669988028147
0.35956157403160205,534,0.585240906829834,-0.2133274733500047,0.00002110353725877675,665.8971539407969,29.477340400928114,-251.28194714408505,7649.187,5099.457999999999,7619.7096595990715,5350.739947144084
0.3604563234364946,535,0.5851475681096857,-0.21373688313570888,0.000010007831820032814,666.5281908720732,29.289788776704256,-251.5200742901053,7649.187,5099.457999999999,7619.897211223296,5350.978074290104
0.3613510728413871,536,0.5850325070779974,-0.2143248445441506,6.756072423674843e-7,667.5694902598858,29.071406329807388,-251.9130174588529,7649.187,5099.457999999999,7620.1155936701925,5351.371017458851
0.36224582224627966,537,0.5848981660236011,-0.21507013193087143,-0.000010922451317310333,668.9809772968292,28.82913959304986,-252.4456540813595,7649.187,5099.457999999999,7620.35786040695,5351.903654081359
0.3631405716511722,538,0.5847466950988769,-0.21595567143006758,-0.00002631335044449026,670.7345608025789,28.570140462111823,-253.10738371212423,7649.187,5099.457999999999,7620.616859537888,5352.565383712123
0.36403532105606473,539,0.5845705328854647,-0.21696509128657254,-0.00003924998955293135,672.7972962439061,28.29899936786373,-253.88577445170364,7649.187,5099.457999999999,7620.888000632136,5353.343774451702
0.36493007046095727,540,0.5843740023006092,-0.21807091908671639,-0.00005313014249910008,675.1168061077595,28.024515313810895,-254.76106120065532,7649.187,5099.457999999999,7621.162484686189,5354.219061200654
0.3658248198658498,541,0.5841710271575233,-0.219250884271535,-0.00006735645804892887,677.6531204372645,27.75476083596112,-255.71816095624928,7649.187,5099.457999999999,7621.432239164039,5355.176160956248
0.36671956927074234,542,0.5839698049736023,-0.22048249135104092,-0.00007960292369127274,680.3647474825383,27.497468078059228,-256.741416454238,7649.187,5099.457999999999,7621.68953192194,5356.199416454237
0.3676143186756349,543,0.5837763852206143,-0.22173185147848995,-0.00009060566973957148,683.182296782732,27.261687470325455,-257.80464261482024,7649.187,5099.457999999999,7621.925312529675,5357.262642614819
0.3685090680805274,544,0.583592396699732,-0.22295845027880234,-0.00010556600446050817,686.0220381796361,27.05794704767044,-258.87624315159496,7649.187,5099.457999999999,7622.129052952329,5358.334243151594
0.36940381748541995,545,0.5834230690748041,-0.22413617956638338,-0.00011567748415199192,688.831516763568,26.89359816802434,-259.9364237588435,7649.187,5099.457999999999,7622.293401831976,5359.394423758842
0.3702985668903125,546,0.5832707402801514,-0.22524908532012594,-0.00012369882649996064,691.5788043797016,26.77318046744992,-260.9731360761457,7649.187,5099.457999999999,7622.41381953255,5360.431136076144
0.371193316295205,547,0.5831342577812888,-0.22629554239056326,-0.0001312864223664457,694.2560591429473,26.695424473094363,-261.98342090155427,7649.187,5099.457999999999,7622.491575526906,5361.441420901553
0.37208806570009756,548,0.5830078396641124,-0.22728671681577509,-0.00013324348203160548,696.8826785475017,26.65604024391334,-262.9745980442659,7649.187,5099.457999999999,7622.530959756086,5362.4325980442645
0.3729828151049901,549,0.582894304483587,-0.22824134500590235,-0.00014109456360340117,699.4977759301663,26.650306578645683,-263.9614272541499,7649.187,5099.457999999999,7622.536693421354,5363.419427254149
0.37387756450988263,550,0.582798849178661,-0.2291795086032694,-0.00013379659803076224,702.1415121108294,26.672498864115397,-264.95906355771535,7649.187,5099.457999999999,7622.5145011358845,5364.417063557714
0.37477231391477517,551,0.5827196234581686,-0.23010619362571022,-0.0001241161062907089,704.8085884869099,26.715433477145382,-265.96550748227236,7649.187,5099.457999999999,7622.471566522854,5365.423507482271
0.3756670633196677,552,0.5826517653569308,-0.2310172731542587,-0.00011203439862890677,707.4770204722881,26.775105260472486,-266.97246295751233,7649.187,5099.457999999999,7622.411894739527,5366.430462957511
0.37656181272456024,553,0.5825971685652299,-0.2318908901153911,-0.0000997588762505488,710.0856602013112,26.851165169960893,-267.9568553169436,7649.187,5099.457999999999,7622.335834830039,5367.4148553169425
0.3774565621294528,554,0.5825598509424383,-0.23270662813880225,-0.00009204475778070363,712.5812038838864,26.944726236629663,-268.8985699226143,7649.187,5099.457999999999,7622.242273763371,5368.356569922613
0.3783513115343453,555,0.5825377669715882,-0.23345555961175396,-0.00007852445255626332,714.9465103566647,27.0586024720198,-269.7911384109384,7649.187,5099.457999999999,7622.12839752798,5369.249138410937
0.37924606093923785,556,0.5825281775925376,-0.234132720988447,-0.00007927200542254881,717.1663809657098,27.192219320437943,-270.62882544075615,7649.187,5099.457999999999,7621.994780679562,5370.086825440755
0.3801408103441304,557,0.582530093052604,-0.2347385409229452,-0.00006539319333705035,719.2396224886179,27.34468082150414,-271.41118073945836,7649.187,5099.457999999999,7621.842319178496,5370.869180739457
0.3810355597490229,558,0.58254190730355,-0.23527255547306752,-0.00004878665807572278,721.1554538667202,27.51240102931081,-272.1341359829825,7649.187,5099.457999999999,7621.674598970689,5371.592135982981
0.38193030915391546,559,0.5825577176440845,-0.23574076435609295,-0.000028558536049994554,722.916110110283,27.689985211995747,-272.79853457143656,7649.187,5099.457999999999,7621.497014788004,5372.256534571436
0.382825058558808,560,0.5825693962201205,-0.2361663846952265,-0.0000199048791419376,724.5630747914315,27.868947830639115,-273.4200306831219,7649.187,5099.457999999999,7621.318052169361,5372.87803068312
0.38371980796370053,561,0.5825760799650712,-0.2365647953328219,-0.00000967604341832074,726.117519247532,28.041288107749352,-274.00661350202216,7649.187,5099.457999999999,7621.145711892251,5373.464613502021
0.38461455736859307,562,0.5825733055114746,-0.23693465598756616,-0.0000016823061216961252,727.5579403579236,28.20028519904713,-274.55016864290934,7649.187,5099.457999999999,7620.9867148009525,5374.0081686429085
0.3855093067734856,563,0.5825513784235173,-0.23726276778004385,0.0000013310818238691848,728.8371844440699,28.341868635338102,-275.0329022646661,7649.187,5099.457999999999,7620.845131364662,5374.490902264665
0.38640405617837814,564,0.5824961970780113,-0.23753636645403775,0.000013309623314575716,729.9127243936063,28.463261927366403,-275.4387664002182,7649.187,5099.457999999999,7620.723738072634,5374.896766400217
0.3872988055832707,565,0.5824103987086903,-0.23774151681986722,0.00003243198187513785,730.7496620655061,28.56578490662318,-275.7545919396256,7649.187,5099.457999999999,7620.621215093377,5375.212591939624
0.3881935549881632,566,0.5823092356473749,-0.23786594538948752,0.00005231385680762204,731.3309040486813,28.655748436913655,-275.9739285390236,7649.187,5099.457999999999,7620.531251563087,5375.431928539022
0.38908830439305575,567,0.5821975129769066,-0.2378947173539075,0.00007375043993646449,731.6285808384418,28.73816400718863,-276.0862594040948,7649.187,5099.457999999999,7620.448835992811,5375.544259404093
0.3899830537979483,568,0.5820722295570374,-0.2378247873310609,0.0000895565142956647,731.6476604223252,28.81807272814939,-276.09345924713443,7649.187,5099.457999999999,7620.36892727185,5375.551459247134
0.3908884765818499,569,0.5816655458398299,-0.23771741837154736,0.00008909067932854999,731.3611097633839,28.821575953159225,-275.98532692203275,7649.187,5099.457999999999,7620.36542404684,5375.443326922032
0.3917938993657515,570,0.5811132120167125,-0.23762816857858138,0.00008396461177955973,730.973591402173,28.768138978377493,-275.83909357686395,7649.187,5099.457999999999,7620.418861021622,5375.297093576863
0.3926993221496531,571,0.5805543313876066,-0.23752422600746154,0.00009454293263229457,730.4495066851377,28.67844416392927,-275.6413257573355,7649.187,5099.457999999999,7620.508555836071,5375.099325757335
0.3936047449335547,572,0.5800604252763228,-0.23739467897545205,0.00011992527808655392,729.7856110870839,28.56261244808607,-275.3907991143065,7649.187,5099.457999999999,7620.624387551914,5374.848799114306
0.3945101677174563,573,0.5796914546897195,-0.23725552634239194,0.00014538756824352523,729.0633518576623,28.434744025312483,-275.1182484592424,7649.187,5099.457999999999,7620.752255974688,5374.5762484592415
0.3954155905013579,574,0.5794922066740555,-0.23712221735130656,0.0001689309891245582,728.3752499520779,28.313689304220446,-274.85858736045935,7649.187,5099.457999999999,7620.87331069578,5374.3165873604585
0.3963210132852595,575,0.5794894684566151,-0.23701006908156655,0.00018114279867573215,727.809733504057,28.21689164800071,-274.645184925324,7649.187,5099.457999999999,7620.970108351999,5374.103184925323
0.3972264360691611,576,0.5796785350955617,-0.2369315022832697,0.0001771557999470017,727.4299729138613,28.155274622187363,-274.50187904094196,7649.187,5099.457999999999,7621.031725377812,5373.959879040941
0.3981318588530627,577,0.5800248753599687,-0.23687273594596167,0.00017139014624736526,727.2031555145979,28.130784723702817,-274.4162875687517,7649.187,5099.457999999999,7621.056215276297,5373.87428756875
0.3990372816369643,578,0.5804719896385887,-0.23680709804664957,0.00016845211532982913,727.0330010652542,28.13482169242303,-274.3520783420066,7649.187,5099.457999999999,7621.0521783075765,5373.810078342005
0.3999427044208659,579,0.5809606422094865,-0.23671158041693946,0.000166586754294959,726.8283613055945,28.156912417174368,-274.2748557904969,7649.187,5099.457999999999,7621.030087582825,5373.732855790496
0.4008481272047675,580,0.581431704233343,-0.23654051949587734,0.00016220937967300413,726.4296240836383,28.18430402042185,-274.1243889129332,7649.187,5099.457999999999,7621.002695979578,5373.5823889129315
0.4017535499886691,581,0.58182846935619,-0.2362488777442412,0.00015322749828750436,725.6787695735693,28.204193604066546,-273.8410475858297,7649.187,5099.457999999999,7620.982806395933,5373.299047585829
0.4026589727725707,582,0.5821118344116211,-0.23581924821853636,0.00014194635796276005,724.5026026129723,28.207059006452226,-273.397210992932,7649.187,5099.457999999999,7620.979940993548,5372.855210992931
0.4035643955564723,583,0.5822665142024647,-0.23524048900300804,0.00012676815642551943,722.8602279901505,28.189052741434324,-272.777446978744,7649.187,5099.457999999999,7620.997947258566,5372.235446978742
0.4044698183403739,584,0.5822907896180586,-0.2345235888524489,0.0001136466760527004,720.7888949513435,28.152805706342946,-271.9958118627279,7649.187,5099.457999999999,7621.034194293657,5371.453811862727
0.4053752411242755,585,0.5821918783950806,-0.2336931127205762,0.00010515883489088578,718.3694877952338,28.103299170957598,-271.08282802201967,7649.187,5099.457999999999,7621.083700829042,5370.540828022018
0.4062806639081771,586,0.5819967788574912,-0.23277379304799167,0.00010101278067989782,715.6921478956938,28.048833498589374,-270.0725110697073,7649.187,5099.457999999999,7621.1381665014105,5369.530511069706
0.4071860866920787,587,0.5817392090294577,-0.23181036902254276,0.00010258738013831052,712.9048989385367,27.998749666158602,-269.0207190009398,7649.187,5099.457999999999,7621.188250333841,5368.478719000938
0.4080915094759803,588,0.5814578993225098,-0.23084911955269902,0.00010631836006587202,710.1577925473453,27.961553004620356,-267.9840750704089,7649.187,5099.457999999999,7621.22544699538,5367.442075070408
0.4089969322598819,589,0.5811913908212836,-0.22994353591138667,0.00010250062579458409,707.6115685284138,27.942283154558368,-267.02323580933734,7649.187,5099.457999999999,7621.244716845442,5366.481235809336
0.4099023550437835,590,0.5809627114625411,-0.22913310767867345,0.00010080722520297224,705.3581079274417,27.934553405651485,-266.17287331075374,7649.187,5099.457999999999,7621.252446594349,5365.630873310753
0.41080777782768507,591,0.5807798084813899,-0.22845479180119255,0.00008667263022877952,703.473004180193,27.928464053970032,-265.4615133997316,7649.187,5099.457999999999,7621.25853594603,5364.91951339973
0.41171320061158667,592,0.5806439700872248,-0.22792434840852566,0.00006637646446173841,701.9682996183634,27.912172975503125,-264.89370035242314,7649.187,5099.457999999999,7621.2748270244965,5364.351700352422
0.41261862339548827,593,0.5805556797096946,-0.22754696492411872,0.0000391361118582162,700.8338427245617,27.876455849451048,-264.4656034075143,7649.187,5099.457999999999,7621.310544150549,5363.923603407513
0.41352404617938987,594,0.5805122848059915,-0.22730919274806977,0.000007896241803060878,700.0160100460052,27.8150604261468,-264.15698729962213,7649.187,5099.457999999999,7621.3719395738535,5363.614987299621
0.41442946896329147,595,0.5804973972233859,-0.22718801265153019,-0.000020090822062709113,699.4455904483796,27.725803255187287,-263.94173461933616,7649.187,5099.457999999999,7621.461196744813,5363.399734619335
0.41533489174719307,596,0.58050276593295,-0.22716035923264244,-0.00004778446347876028,699.0758790075779,27.615041803574485,-263.80222086683506,7649.187,5099.457999999999,7621.571958196426,5363.260220866834
0.41624031453109467,597,0.5805236612736095,-0.22719487606742164,-0.00007136622726917267,698.8480122268201,27.493165885536058,-263.71623340162455,7649.187,5099.457999999999,7621.693834114464,5363.1742334016235
0.41714573731499627,598,0.5805562122969193,-0.2272491524219513,-0.00009542817389423198,698.6823209345341,27.374207699472805,-263.65370838510506,7649.187,5099.457999999999,7621.812792300527,5363.111708385104
0.41805116009889787,599,0.580590303216414,-0.2272754063948718,-0.00012400226919488474,698.4777476191521,27.26971297705464,-263.57651090690786,7649.187,5099.457999999999,7621.917287022945,5363.034510906907
0.41895658288279947,600,0.5806050476802479,-0.22723843543832953,-0.0001552120861952955,698.1478896021844,27.183678348183946,-263.4520361824039,7649.187,5099.457999999999,7622.003321651816,5362.910036182403
0.41986200566670107,601,0.5805902168395303,-0.22714776162060824,-0.00017347526139833711,697.7204658299685,27.11666333976325,-263.29074419143734,7649.187,5099.457999999999,7622.0703366602365,5362.748744191436
0.42076742845060267,602,0.5805479400600086,-0.22702013303323224,-0.00018722779776562343,697.240932366252,27.06840756215385,-263.10978816576534,7649.187,5099.457999999999,7622.118592437846,5362.567788165764
0.42167285123450426,603,0.5804857362036272,-0.22687058718941427,-0.00019075575690377842,696.7500372231007,27.038652555106182,-262.9245447138529,7649.187,5099.457999999999,7622.148347444894,5362.3825447138515
0.42257827401840586,604,0.5804027913613752,-0.22673059438315304,-0.00018248480489308183,696.3332049608231,27.026913152382605,-262.76724951912547,7649.187,5099.457999999999,7622.160086847617,5362.225249519124
0.42348369680230746,605,0.580308055302013,-0.2266184355796467,-0.00016278199740431525,696.0382983863354,27.03224338284386,-262.6559640183176,7649.187,5099.457999999999,7622.154756617156,5362.113964018316
0.42438911958620906,606,0.5802025703066046,-0.2265398027346351,-0.0001368858839571476,695.8675497353078,27.04956745887111,-262.59153056451987,7649.187,5099.457999999999,7622.137432541129,5362.049530564518
0.42529454237011066,607,0.5800929595860568,-0.22649797346461903,-0.00011537099873477762,695.8210253059865,27.075502537378497,-262.5739741759388,7649.187,5099.457999999999,7622.111497462622,5362.031974175938
0.42619996515401226,608,0.5799866802042181,-0.2265072145271301,-0.00009417992807247423,695.9275890767575,27.10610700076876,-262.6141869199878,7649.187,5099.457999999999,7622.080892999231,5362.072186919986
0.42710538793791386,609,0.5798829349656538,-0.22656806061614643,-0.00008068262376568534,696.1758202254773,27.136515163335474,-262.7078590524229,7649.187,5099.457999999999,7622.0504848366645,5362.165859052422
0.42801081072181546,610,0.5797801467548717,-0.22667128566221756,-0.00006644606961445375,696.5266985833646,27.161595124762187,-262.8402659811188,7649.187,5099.457999999999,7622.025404875238,5362.298265981118
0.42891623350571706,611,0.5796696503552523,-0.22681160196044228,-0.000049110592237927694,696.9572082906961,27.178159480777254,-263.00272247591306,7649.187,5099.457999999999,7622.008840519223,5362.460722475912
0.42982165628961866,612,0.5795504818569529,-0.22697918547456913,-0.0000407546897909858,697.4402305901051,27.186189158350743,-263.1849950433677,7649.187,5099.457999999999,7622.00081084165,5362.642995043367
0.43072707907352026,613,0.5794228505307977,-0.22715692146778108,-0.00004744583361528137,697.9287484884262,27.185736732063674,-263.3693414217512,7649.187,5099.457999999999,7622.001263267936,5362.82734142175
0.43163250185742186,614,0.5792965074140376,-0.2273266367704218,-0.000042861030481078404,698.3803962379694,27.17971045596215,-263.5397745363197,7649.187,5099.457999999999,7622.007289544038,5362.9977745363185
0.43253792464132346,615,0.5791663575345819,-0.2274912523607774,-0.000029398835436864333,698.8040350228548,27.168417122029012,-263.6996382301676,7649.187,5099.457999999999,7622.018582877971,5363.157638230166
0.43344334742522506,616,0.5790261774028431,-0.2276613072720441,-0.000015565135302868757,699.2326486587525,27.15334562361639,-263.86137922630115,7649.187,5099.457999999999,7622.033654376383,5363.3193792263
0.43434877020912666,617,0.5788631329588456,-0.22784454912445762,0.0000033474817059256814,699.6797687053681,27.131546717225234,-264.03010377371186,7649.187,5099.457999999999,7622.055453282775,5363.4881037737105
0.43525419299302825,618,0.5786718142006614,-0.22804386813770638,0.00002019665239886804,700.148416697979,27.101155534617845,-264.20695207440133,7649.187,5099.457999999999,7622.085844465382,5363.6649520744
0.43615961577692985,619,0.5784556537316062,-0.22826089483347806,0.00003232708860527385,700.6419482916594,27.061743045944667,-264.3931904133148,7649.187,5099.457999999999,7622.125256954056,5363.851190413314
0.43706503856083145,620,0.578224444583546,-0.22850634472066705,0.0000503301006284627,701.1902834177017,27.013458473334737,-264.6001093306641,7649.187,5099.457999999999,7622.173541526665,5364.058109330663
0.43797046134473305,621,0.5779795817080411,-0.22876771548271177,0.00006451755316420035,701.7605274856091,26.956887892954057,-264.8152957733199,7649.187,5099.457999999999,7622.230112107046,5364.273295773319
0.43887588412863465,622,0.5777241409648548,-0.2290376609060981,0.00007560865008018232,702.3323681145907,26.892004390185974,-265.0310846918582,7649.187,5099.457999999999,7622.294995609814,5364.489084691857
0.43978130691253625,623,0.5774669059701399,-0.22930383422288025,0.00008505369787866419,702.8751828163863,26.82008970852158,-265.23592043022774,7649.187,5099.457999999999,7622.366910291478,5364.693920430226
0.44068672969643785,624,0.5772138749313355,-0.22956096696983683,0.00008854873351075433,703.3779774725438,26.742472943571073,-265.42565426444696,7649.187,5099.457999999999,7622.444527056429,5364.883654264446
0.44159215248033945,625,0.5769667645714499,-0.22980841981757769,0.00009536728104407137,703.8410937964917,26.65994777863972,-265.60041514298075,7649.187,5099.457999999999,7622.5270522213605,5365.058415142979
0.44249757526424105,626,0.5767351488200101,-0.23004129579370672,0.00009973410763523795,704.2589733958245,26.575508273732908,-265.75810555924204,7649.187,5099.457999999999,7622.611491726267,5365.2161055592405
0.44340299804814265,627,0.5765241014411232,-0.23025787413727153,0.00010789996228434822,704.6288070648909,26.489883491193126,-265.89766543561706,7649.187,5099.457999999999,7622.697116508807,5365.355665435616
0.44430842083204425,628,0.5763414102589001,-0.23046155746546657,0.00012041792478073728,704.9661875963211,26.40541967454365,-266.0249788448494,7649.187,5099.457999999999,7622.781580325456,5365.482978844848
0.44521384361594585,629,0.5761877852491899,-0.23065165367473253,0.0001288245473124764,705.2760515809059,26.324699294381816,-266.14190865140506,7649.187,5099.457999999999,7622.8623007056185,5365.599908651404
0.44611926639984745,630,0.5760645220652494,-0.23083221008387478,0.0001347485388815403,705.5714015066624,26.248420800242627,-266.25336145458004,7649.187,5099.457999999999,7622.938579199757,5365.711361454579
0.44702468918374905,631,0.5759711978114735,-0.23100585641254076,0.00014252852740612897,705.8617662131787,26.177445762144487,-266.36293304293054,7649.187,5099.457999999999,7623.009554237856,5365.820933042929
0.44793011196765065,632,0.5759045744080976,-0.23116966286919333,0.00015159578057852657,706.1364524066448,26.110785189420227,-266.46658821120883,7649.187,5099.457999999999,7623.07621481058,5365.924588211207
0.44883553475155225,633,0.575868625051325,-0.23133228592742572,0.00016148432078686627,706.421776109934,26.049369195279723,-266.5742575341734,7649.187,5099.457999999999,7623.13763080472,5366.0322575341725
0.44974095753545384,634,0.5758716992256858,-0.23150232229926368,0.00016720936681736598,706.7435469090939,25.993998921047364,-266.6956804783451,7649.187,5099.457999999999,7623.193001078953,5366.153680478344
0.45064638031935544,635,0.5759134887834029,-0.23167895270347594,0.00016775610988790338,707.0969954192639,25.943726436380473,-266.8290572758356,7649.187,5099.457999999999,7623.243273563619,5366.287057275835
0.45155180310325704,636,0.5759869233200767,-0.23186486535722559,0.00016755738819187338,707.4856370538473,25.897083271779167,-266.97571449775256,7649.187,5099.457999999999,7623.28991672822,5366.433714497752
0.45245722588715864,637,0.5760825377550991,-0.23206481155092065,0.00016832380308346313,707.9243031978608,25.854726080812952,-267.14124889320925,7649.187,5099.457999999999,7623.332273919187,5366.599248893208
0.45336264867106024,638,0.5762049529006265,-0.23227180451826615,0.0001674101689322428,708.397045326233,25.81790095607866,-267.3196421508037,7649.187,5099.457999999999,7623.369099043921,5366.777642150802
0.45426807145496184,639,0.5763441025491194,-0.23247940173755993,0.00016058619760654189,708.8820520460606,25.785075715601778,-267.5026635561589,7649.187,5099.457999999999,7623.401924284398,5366.960663556158
0.45517349423886344,640,0.5764932015505704,-0.23267541118188337,0.00015359927111051298,709.339558428526,25.75392123520089,-267.67530747562364,7649.187,5099.457999999999,7623.433078764799,5367.133307475622
0.45607891702276504,641,0.5766549971112338,-0.23286621606783434,0.0001454068373550068,709.783463448286,25.72304554036768,-267.84281880534206,7649.187,5099.457999999999,7623.463954459632,5367.300818805341
0.45698433980666664,642,0.5768292517297918,-0.23305907152696087,0.00013456378869035026,710.2252112925053,25.689223758877603,-268.0095161065472,7649.187,5099.457999999999,7623.497776241123,5367.467516106546
0.45788976259056824,643,0.5770046333208951,-0.23325064204216003,0.00011757338323376394,710.6417637586594,25.647230292051063,-268.1667057178309,7649.187,5099.457999999999,7623.539769707949,5367.62470571783
0.45879518537446984,644,0.5771712654252485,-0.2334386694899472,0.00009736263094977899,711.0165871739388,25.593173874032033,-268.3081485173221,7649.187,5099.457999999999,7623.593826125968,5367.766148517321
0.45970060815837144,645,0.5773187364682284,-0.23362163072282618,0.0000760065159201622,711.3348164200784,25.523028699984394,-268.4282350263797,7649.187,5099.457999999999,7623.663971300016,5367.886235026378
0.46060603094227304,646,0.5774431347708269,-0.23378655579523608,0.000050768743116747254,711.5609490782023,25.436882971363303,-268.5135681056848,7649.187,5099.457999999999,7623.750117028637,5367.971568105683
0.46151145372617464,647,0.5775395767385308,-0.23391608506029302,0.00003243062565272504,711.6534815698863,25.33712443885142,-268.5484860273891,7649.187,5099.457999999999,7623.849875561148,5368.006486027388
0.46241687651007624,648,0.5776054172723943,-0.23399027841437944,0.000014943938255310059,711.5729413211346,25.229590267935208,-268.51809348041695,7649.187,5099.457999999999,7623.957409732065,5367.976093480415
0.46332229929397784,649,0.5776486408268322,-0.2339901985684308,9.144274754957719e-7,711.2925896942616,25.12388021907819,-268.4123004127206,7649.187,5099.457999999999,7624.063119780922,5367.870300412719
0.46422772207787943,650,0.5776810182536731,-0.23391349866953762,-0.00001253271525556391,710.8277478635312,25.02821597886546,-268.236888399546,7649.187,5099.457999999999,7624.158784021134,5367.694888399545
0.46513314486178103,651,0.5777037652900002,-0.2337619223018126,-0.000027480297535657883,710.193580749631,24.946507288873363,-267.997580052525,7649.187,5099.457999999999,7624.2404927111265,5367.455580052524
0.46603856764568263,652,0.5777112952475114,-0.2335423282814026,-0.00004469003027135675,709.4099604487419,24.879121683976535,-267.70187427594414,7649.187,5099.457999999999,7624.307878316024,5367.1598742759425
0.46694399042958423,653,0.5777012672424315,-0.23326474078611892,-0.00006266412491148168,708.5008897006512,24.824694286787974,-267.3588287075405,7649.187,5099.457999999999,7624.362305713212,5366.81682870754
0.46784941321348583,654,0.5776682218343561,-0.23294275325515054,-0.00007372334840622816,707.4978702485562,24.780978937101395,-266.98033079768425,7649.187,5099.457999999999,7624.406021062899,5366.438330797683
0.46875483599738743,655,0.5776117334591259,-0.23258690918098796,-0.00007913989333943887,706.4248839497567,24.746062926319354,-266.5754303039284,7649.187,5099.457999999999,7624.44093707368,5366.033430303927
0.46966025878128903,656,0.5775252686535228,-0.23220338068355212,-0.00007714490443468094,705.2907375186683,24.71685215744165,-266.1474505147615,7649.187,5099.457999999999,7624.470147842559,5365.60545051476
0.47056568156519063,657,0.5774147853157736,-0.2317932955078645,-0.00007097359319979494,704.0949763596059,24.692002525961925,-265.6962198846405,7649.187,5099.457999999999,7624.4949974740375,5365.154219884639
0.47147110434909223,658,0.5772961340956254,-0.23136567909023978,-0.000059598434621637515,702.8650584608317,24.67249145099501,-265.2320999186633,7649.187,5099.457999999999,7624.514508549005,5364.690099918662
0.47237652713299383,659,0.5771829972319169,-0.23092536681565373,-0.00005365784798156132,701.6195610582829,24.660301678483535,-264.762100894605,7649.187,5099.457999999999,7624.526698321516,5364.220100894604
0.47328194991689543,660,0.5770795157588612,-0.2304746172991666,-0.000056606043983589516,700.3625801861286,24.65463051458815,-264.287768485751,7649.187,5099.457999999999,7624.532369485411,5363.74576848575
0.474187372700797,661,0.5769823886749961,-0.23002667583899064,-0.000058637864860621366,699.1266015470028,24.653965079836013,-263.82136144792236,7649.187,5099.457999999999,7624.533034920164,5363.2793614479215
0.4750927954846986,662,0.5768870660955255,-0.2295929192538695,-0.00006021395331079309,697.9404673606158,24.657360323985387,-263.3737636377116,7649.187,5099.457999999999,7624.529639676014,5362.8317636377105
0.4759982182686002,663,0.57678753661069,-0.2291743116643212,-0.00006228956283493476,696.8069068074227,24.66484369405663,-262.94600493454493,7649.187,5099.457999999999,7624.522156305943,5362.404004934544
0.4769036410525018,664,0.5766771452678334,-0.22876909881201657,-0.00006127191542224451,695.7187087118626,24.67551796014064,-262.535364140073,7649.187,5099.457999999999,7624.511482039859,5361.993364140072
0.4778090638364034,665,0.5765536302566527,-0.2283809736247496,-0.000058357028067111966,694.6846348106861,24.68884976194002,-262.14514757008055,7649.187,5099.457999999999,7624.49815023806,5361.603147570079
0.478714486620305,666,0.5764140845385464,-0.22801230630527844,-0.000054304237189618024,693.7058340787888,24.702808285835033,-261.7757888000038,7649.187,5099.457999999999,7624.484191714165,5361.233788800003
0.4796199094042066,667,0.5762578538964012,-0.22766463085087862,-0.00005016485546122898,692.7772531002761,24.713891627685115,-261.42538088043125,7649.187,5099.457999999999,7624.4731083723145,5360.88338088043
0.4805253321881082,668,0.5760788486896862,-0.2273399160224741,-0.00005073257169940255,691.8959725618363,24.718951164950823,-261.0928221836884,7649.187,5099.457999999999,7624.468048835049,5360.550822183687
0.4814307549720098,669,0.5758806025054238,-0.2270384655085477,-0.00004489492299881848,691.0580943018199,24.716200136872004,-260.7766417053659,7649.187,5099.457999999999,7624.4707998631275,5360.234641705365
0.4823361777559114,670,0.5756679798368974,-0.2267613249609687,-0.00003727018024433743,690.2681233882904,24.70625136552644,-260.4785394711633,7649.187,5099.457999999999,7624.4807486344735,5359.936539471162
0.483241600539813,671,0.5754444707315618,-0.22651734337546608,-0.000031249135380441495,689.5493899405003,24.688708035516896,-260.20731929974573,7649.187,5099.457999999999,7624.498291964483,5359.665319299745
0.4841470233237146,672,0.5752110906444896,-0.2263061219436472,-0.00001866899184205315,688.900151950121,24.663327441306706,-259.96232382947386,7649.187,5099.457999999999,7624.523672558693,5359.420323829472
0.4850524461076162,673,0.5749669633067738,-0.22612827292312274,-0.000005812541029670022,688.3241454839707,24.630882832151798,-259.7449628968956,7649.187,5099.457999999999,7624.556117167848,5359.202962896894
0.4859578688915178,674,0.574719249010953,-0.22598503655953842,0.00000675057511438023,687.8302133262158,24.59342157766909,-259.5585734017262,7649.187,5099.457999999999,7624.593578422331,5359.016573401725
0.4868632916754194,675,0.5744729675882513,-0.22586828320806676,0.000025113443637436085,687.399565911293,24.552305973538836,-259.3960649418027,7649.187,5099.457999999999,7624.634694026461,5358.854064941801
0.487768714459321,676,0.5742326999629627,-0.22577189577015963,0.000041391508633440186,687.0224652826787,24.510221496848686,-259.253762816517,7649.187,5099.457999999999,7624.676778503152,5358.711762816516
0.4886741372432226,677,0.5740073245551369,-0.22569244887568735,0.00005577127153223211,686.7004947125912,24.471327095122405,-259.132264487089,7649.187,5099.457999999999,7624.7156729048775,5358.590264487088
0.4895795600271242,678,0.5737989534551446,-0.2256320883581855,0.00007606062217192216,686.4453571557999,24.43780787381968,-259.0359861629053,7649.187,5099.457999999999,7624.74919212618,5358.493986162904
0.4904849828110258,679,0.5736079337154736,-0.22559513200846587,0.00009319692797281526,686.2719275146724,24.410787634005345,-258.9705410147212,7649.187,5099.457999999999,7624.776212365995,5358.42854101472
0.4913904055949274,680,0.5734368385245583,-0.22559195354981854,0.00011016538698564877,686.2071298867464,24.389640461857283,-258.94608907943484,7649.187,5099.457999999999,7624.797359538143,5358.404089079433
0.492295828378829,681,0.5732868601642955,-0.22563223340814764,0.00012696769119663673,686.2742641627789,24.373093665738566,-258.9714227687316,7649.187,5099.457999999999,7624.813906334261,5358.429422768731
0.4932012511627306,682,0.5731573645019532,-0.22572299160133708,0.00013954101302407005,686.4898164093495,24.3600694259772,-259.05276323986743,7649.187,5099.457999999999,7624.826930574022,5358.510763239866
0.4941066739466322,683,0.5730466565843062,-0.2258710053088448,0.00014795499053868382,686.8684829324484,24.349067029795805,-259.1956562687375,7649.187,5099.457999999999,7624.837932970204,5358.653656268736
0.4950120967305338,684,0.5729564704097401,-0.22607801513021644,0.0001556402344188907,687.4094037532807,24.337952190002994,-259.399777335039,7649.187,5099.457999999999,7624.849047809997,5358.857777335038
0.4959175195144354,685,0.5728938560173729,-0.2263398642305894,0.00016432703538374468,688.0987843096257,24.32584142910349,-259.6599209435474,7649.187,5099.457999999999,7624.861158570897,5359.117920943546
0.496822942298337,686,0.5728734401737561,-0.2266589024474404,0.00016990576959469101,688.9442394077778,24.31316504442654,-259.9789606060978,7649.187,5099.457999999999,7624.873834955573,5359.436960606096
0.4977283650822386,687,0.5728824225269664,-0.22703147154417902,0.00017799425921656868,689.9368582129479,24.30036406310748,-260.35353374349427,7649.187,5099.457999999999,7624.886635936892,5359.811533743493
0.4986337878661402,688,0.5729167850771817,-0.2274478980471871,0.00018455177453431215,691.0559472024441,24.28968748335754,-260.77583147917903,7649.187,5099.457999999999,7624.897312516642,5360.233831479178
0.4995392106500418,689,0.5729745907350019,-0.22790328551075675,0.00019043813532049005,692.2955855339766,24.283992044022,-261.2436195330226,7649.187,5099.457999999999,7624.903007955978,5360.701619533022
0.5004446334339434,690,0.5730502191040733,-0.22839532015800476,0.0001988371998748996,693.6511849015951,24.283952029826878,-261.75516646880175,7649.187,5099.457999999999,7624.903047970173,5361.2131664688
0.501350056217845,691,0.5731457012349909,-0.22892202557347036,0.0002030561674995856,695.1202284544706,24.290672639308895,-262.30952253147814,7649.187,5099.457999999999,7624.896327360691,5361.767522531477
0.5022554790017466,692,0.5732507616493918,-0.22947853115428576,0.00020417138392275032,696.6846186697484,24.302388767700023,-262.8998584670828,7649.187,5099.457999999999,7624.8846112323,5362.357858467081
0.5031609017856482,693,0.5733662402395768,-0.23007055027484893,0.00020217996552586556,698.3550467967988,24.31719443826651,-263.53020870937684,7649.187,5099.457999999999,7624.869805561733,5362.988208709376
0.5040663245695498,694,0.5734899452799017,-0.2306945984354886,0.0001983929986303503,700.1147690236569,24.332394196856768,-264.1942548386939,7649.187,5099.457999999999,7624.854605803143,5363.652254838693
0.5049717473534514,695,0.5736140147885409,-0.23134467655095187,0.00019322616979479791,701.9359365820885,24.343716549060133,-264.88148788579446,7649.187,5099.457999999999,7624.843283450939,5364.3394878857935
0.505877170137353,696,0.5737302787763422,-0.2320135474322059,0.00018297948043454775,703.7879620313645,24.34714384225788,-265.58036542011087,7649.187,5099.457999999999,7624.839856157742,5365.03836542011
0.5067825929212546,697,0.5738371081612327,-0.23269572309233924,0.00017161721145564858,705.6511604875327,24.34095388492625,-266.28345918348117,7649.187,5099.457999999999,7624.8460461150735,5365.7414591834795
0.5076880157051562,698,0.5739365448084744,-0.23337297383048317,0.00015687796183607794,707.4760765254498,24.325438358735198,-266.972106751155,7649.187,5099.457999999999,7624.861561641264,5366.430106751153
0.5085934384890578,699,0.5740278121688148,-0.23402670452941546,0.0001426000845974142,709.2117494285108,24.30070084797788,-267.6270776638632,7649.187,5099.457999999999,7624.886299152022,5367.085077663862
0.5094988612729594,700,0.5741101387492094,-0.23464438987385142,0.000126360066248612,710.833794438839,24.270562599080193,-268.2391701260978,7649.187,5099.457999999999,7624.91643740092,5367.697170126096
0.510404284056861,701,0.5741903328739513,-0.23522328817020763,0.00010742691936818035,712.3546002745629,24.242549242112432,-268.81305912587385,7649.187,5099.457999999999,7624.944450757887,5368.271059125873
0.5113097068407626,702,0.5742726204091851,-0.23576412340424277,0.00009143828825517135,713.7909703284503,24.222248924808326,-269.3550855661796,7649.187,5099.457999999999,7624.964751075192,5368.813085566178
0.5122151296246642,703,0.5743562462945417,-0.23626429366545243,0.00007658873035149141,715.1393588125707,24.211028918299263,-269.86391141382177,7649.187,5099.457999999999,7624.975971081701,5369.32191141382
0.5131205524085658,704,0.5744360272147438,-0.23672120669928462,0.00005930170610547066,716.3904839724303,24.20808193835532,-270.3360341199032,7649.187,5099.457999999999,7624.978918061644,5369.794034119902
0.5140259751924674,705,0.5745055051283402,-0.23714005298397758,0.000039976226904175494,717.55421256423,24.211734553568675,-270.7751769886843,7649.187,5099.457999999999,7624.975265446431,5370.233176988683
0.514931397976369,706,0.5745595444731278,-0.23752109705751592,0.000020779490078037436,718.6236824274064,24.219122219260015,-271.1787505255893,7649.187,5099.457999999999,7624.96787778074,5370.636750525588
0.5158368207602706,707,0.5745938963491267,-0.23784889564600858,0.00000684225399385799,719.5487498909235,24.227379748616215,-271.52783259043457,7649.187,5099.457999999999,7624.959620251384,5370.985832590433
0.5167422435441722,708,0.5746161015285145,-0.23811791680162603,9.58480564030734e-7,720.3139459967614,24.23642157339566,-271.8165858405184,7649.187,5099.457999999999,7624.950578426604,5371.274585840517
0.5176476663280738,709,0.5746254361308705,-0.2383340996022658,-5.198611183599992e-7,720.936975735426,24.246753739229376,-272.05169140439386,7649.187,5099.457999999999,7624.94024626077,5371.5096914043925
0.5185530891119754,710,0.574629462557706,-0.2384998798409375,0.0000012402807582508434,721.4308900773526,24.260768554955263,-272.2380741766091,7649.187,5099.457999999999,7624.926231445044,5371.696074176608
0.519458511895877,711,0.5746321364489468,-0.23860885611274024,-0.0000037939367375590587,721.7792800605298,24.27892974109733,-272.36954209597195,7649.187,5099.457999999999,7624.908070258903,5371.827542095971
0.5203639346797786,712,0.5746335152487322,-0.23865996749184348,-0.000011109304969960992,721.9810571670532,24.30192962071291,-272.44568440100545,7649.187,5099.457999999999,7624.885070379287,5371.903684401004
0.5212693574636802,713,0.5746308350372314,-0.23865597357923335,-0.000020336043753407218,722.042671018839,24.329332752358795,-272.4689349113225,7649.187,5099.457999999999,7624.857667247641,5371.926934911321
0.5221747802475818,714,0.574615288883556,-0.23860423649441112,-0.000025868380015546625,721.9788596868516,24.35904599943686,-272.4448551631861,7649.187,5099.457999999999,7624.827954000563,5371.9028551631845
0.5230802030314834,715,0.5745836342135342,-0.23850308796969324,-0.000028701665794307536,721.7832694917918,24.390406307823696,-272.37104754174476,7649.187,5099.457999999999,7624.796593692176,5371.829047541743
0.523985625815385,716,0.5745321951640736,-0.2383506639849056,-0.00002979785999113863,721.445111489296,24.421280469686366,-272.24344074720204,7649.187,5099.457999999999,7624.765719530314,5371.701440747201
0.5248910485992866,717,0.5744604860583219,-0.2381449855262583,-0.0000347177082164721,720.9586602270604,24.451565592121966,-272.05987423149935,7649.187,5099.457999999999,7624.735434407878,5371.517874231498
0.5257964713831882,718,0.5743656355320323,-0.23788008654941212,-0.00004026100727644834,720.3034294009209,24.47973411519112,-271.8126173137504,7649.187,5099.457999999999,7624.707265884809,5371.270617313749
0.5267018941670898,719,0.5742454310729287,-0.23756009299018163,-0.00004273187663067471,719.4878161072731,24.504664863717693,-271.5048387096049,7649.187,5099.457999999999,7624.682335136282,5370.962838709604
0.5276073169509914,720,0.5741089700629495,-0.2371976772854545,-0.00004945370004935698,718.5484139114619,24.526990720604715,-271.1503473117698,7649.187,5099.457999999999,7624.660009279395,5370.608347311769
0.528512739734893,721,0.5739628602634776,-0.23680527082443237,-0.00005506343645128337,717.518035042286,24.546168275646664,-270.7615250934882,7649.187,5099.457999999999,7624.640831724353,5370.219525093487
0.5294181625187946,722,0.573807984825481,-0.2363858271698518,-0.00005520932362838225,716.4025328755379,24.561335419525648,-270.3405808758338,7649.187,5099.457999999999,7624.625664580474,5369.798580875832
0.5303235853026962,723,0.5736462617371298,-0.23594910898121918,-0.000053028823028911246,715.2253885269165,24.571202346003275,-269.8963754572632,7649.187,5099.457999999999,7624.615797653996,5369.354375457262
0.5312290080865978,724,0.573479292973605,-0.23550043391444464,-0.00004737730707634579,714.0002882033587,24.575404694434695,-269.43407344421416,7649.187,5099.457999999999,7624.611595305565,5368.892073444213
0.5321344308704994,725,0.5733076389312743,-0.23503919954343275,-0.00003833496296947653,712.7217771947385,24.572510448717253,-268.9516164554886,7649.187,5099.457999999999,7624.6144895512825,5368.409616455488
0.533039853654401,726,0.5731382371486317,-0.23456867737509987,-0.000028943221514875237,711.4033540576697,24.564211894917918,-268.4540982860808,7649.187,5099.457999999999,7624.622788105082,5367.9120982860795
0.5339452764383026,727,0.5729728352477333,-0.234083956321803,-0.000012339264831759714,710.0354589939118,24.552007804716283,-267.9379114649243,7649.187,5099.457999999999,7624.634992195283,5367.395911464923
0.5348506992222042,728,0.5728168951970881,-0.2335835607433319,-0.0000033394946970722893,708.6211120784283,24.538572107743022,-267.4041956429589,7649.187,5099.457999999999,7624.648427892257,5366.862195642958
0.5357561220061058,729,0.5726778250434181,-0.23306838811657643,0.000008200350539250807,707.170893868804,24.526964326757337,-266.8569434834601,7649.187,5099.457999999999,7624.660035673242,5366.314943483459
0.5366615447900074,730,0.572560787596269,-0.23254210657986726,0.000019857411357489497,705.7015670150519,24.51969608857931,-266.3024805147916,7649.187,5099.457999999999,7624.66730391142,5365.76048051479
0.537566967573909,731,0.5724663036450472,-0.23200981981320815,0.000035229963077740235,704.2312838017941,24.518310823720327,-265.7476566557404,7649.187,5099.457999999999,7624.668689176279,5365.205656655739
0.5384723903578106,732,0.5723923712123523,-0.2314845206555453,0.00004889295475049452,702.793224310875,24.52182017400574,-265.20499269202065,7649.187,5099.457999999999,7624.6651798259945,5364.6629926920195
0.5393778131417122,733,0.5723414775310863,-0.2309824060717496,0.00006329669074578719,701.4285797595978,24.528927400899676,-264.6900324793585,7649.187,5099.457999999999,7624.6580725991,5364.148032479357
0.5402832359256138,734,0.5723147755570845,-0.23051328141819347,0.00007652083144946533,700.1593944609166,24.53775611490434,-264.21109462649054,7649.187,5099.457999999999,7624.6492438850955,5363.669094626489
0.5411886587095154,735,0.5723087634450739,-0.23008507482875476,0.00008670153993097217,699.0016246795655,24.546084368727804,-263.77420036544623,7649.187,5099.457999999999,7624.640915631272,5363.232200365445
0.542094081493417,736,0.5723261615753173,-0.2297010513496399,0.00010053886324167251,697.9597351789475,24.55220218727979,-263.3810345126191,7649.187,5099.457999999999,7624.6347978127205,5362.839034512618
0.5429995042773186,737,0.5723695848499645,-0.22936680679841476,0.00011698199784213845,697.048871165514,24.556006560627566,-263.0373122403065,7649.187,5099.457999999999,7624.630993439372,5362.495312240305
0.5439073083017085,738,0.5725714938354493,-0.22895742787664589,0.0001409440832652829,696.239502465725,24.676231086864362,-262.7318900866949,7649.187,5099.457999999999,7624.5107689131355,5362.189890086694
0.5448151123260985,739,0.5728504073212364,-0.22848489361849697,0.00015681953783739698,695.5097378075124,24.892159855649226,-262.4565071943257,7649.187,5099.457999999999,7624.294840144351,5361.914507194324
0.5457229163504884,740,0.5731772363818776,-0.22798547624067825,0.00016855706894939595,694.8747808098793,25.171816492232722,-262.2169007779688,7649.187,5099.457999999999,7624.015183507767,5361.674900777967
0.5466307203748784,741,0.5735272286328402,-0.2275236282075535,0.00017622986872087824,694.3831939160824,25.466512792952415,-262.03139628807463,7649.187,5099.457999999999,7623.720487207048,5361.489396288073
0.5475385243992683,742,0.5738722377100858,-0.2271870233553106,0.00018069868192076684,694.1221858978272,25.717999939775922,-261.93290269539403,7649.187,5099.457999999999,7623.469000060224,5361.3909026953925
0.5484463284236583,743,0.5741862293399465,-0.22705542996363207,0.00018296785817904906,694.1696761786939,25.87274340502958,-261.9508235562597,7649.187,5099.457999999999,7623.31425659497,5361.4088235562585
0.5493541324480482,744,0.5744559672130238,-0.22718522562763907,0.00018093049171296032,694.5819902300835,25.893380175265264,-262.1064137657311,7649.187,5099.457999999999,7623.293619824734,5361.56441376573
0.5502619364724382,745,0.5746776153529773,-0.22759207310980017,0.00017899670399048112,695.3678023159505,25.766898393755923,-262.4029466309903,7649.187,5099.457999999999,7623.420101606244,5361.860946630989
0.5511697404968281,746,0.5748454967620157,-0.228250633224574,0.0001813908151063052,696.4840657442809,25.50340013097022,-262.8241781171689,7649.187,5099.457999999999,7623.683599869029,5362.282178117168
0.552077544521218,747,0.5749558595934781,-0.22909698872826315,0.00018506158797578377,697.834877473116,25.133152724461013,-263.3339183967871,7649.187,5099.457999999999,7624.053847275539,5362.791918396786
0.552985348545608,748,0.575006212681857,-0.23004472481554206,0.00018479995226318186,699.2934570014477,24.698163202292022,-263.88432577092084,7649.187,5099.457999999999,7624.488836797708,5363.342325770919
0.5538931525699979,749,0.5749973370708119,-0.2309975374759327,0.0001829271144487641,700.7225948512555,24.246785308436387,-264.42362307758714,7649.187,5099.457999999999,7624.940214691564,5363.881623077586
0.5548009565943879,750,0.5749355459976196,-0.23187412854064593,0.00017937030047178267,702.0207629978657,23.82523534772585,-264.91349785430026,7649.187,5099.457999999999,7625.361764652274,5364.371497854299
0.5557087606187778,751,0.5748338212758844,-0.23260414112351158,0.0001726664404164661,703.0958054184914,23.47189016598395,-265.3191742430919,7649.187,5099.457999999999,7625.715109834016,5364.7771742430905
0.5566165646431678,752,0.5747045162044871,-0.23314009360573507,0.0001652041063931855,703.8828996598721,23.211656886822226,-265.61619094062473,7649.187,5099.457999999999,7625.975343113178,5365.074190940623
0.5575243686675577,753,0.5745631732853975,-0.23347146321123294,0.00015740706194530832,704.3828805834055,23.055791478802433,-265.80486298893857,7649.187,5099.457999999999,7626.131208521198,5365.262862988937
0.5584321726919477,754,0.5744260726651278,-0.23362748830448496,0.00015437672560865228,704.6713449835778,23.002420805939806,-265.913717480549,7649.187,5099.457999999999,7626.1845791940605,5365.371717480548
0.5593399767163376,755,0.5743016902334039,-0.2336570244585384,0.00015001587144353174,704.8420620918274,23.036132505269137,-265.9781390314115,7649.187,5099.457999999999,7626.150867494731,5365.43613903141
0.5602477807407276,756,0.5741921966483376,-0.23361637356584722,0.0001402779827470129,704.9810443907977,23.13084492010853,-266.03058518243813,7649.187,5099.457999999999,7626.056155079891,5365.4885851824365
0.5611555847651175,757,0.5740906865345348,-0.23356414388699964,0.00012726698731834238,705.1731825500727,23.257655050295938,-266.1030901488546,7649.187,5099.457999999999,7625.929344949704,5365.5610901488535
0.5620633887895075,758,0.5739850668473676,-0.23354510638670486,0.00011275964953682639,705.472017222643,23.39021685818105,-266.2158579508391,7649.187,5099.457999999999,7625.796783141819,5365.673857950838
0.5629711928138974,759,0.5738760524784435,-0.23358029443307357,0.00009778436345132914,705.8813793957233,23.508106814507784,-266.37033424395736,7649.187,5099.457999999999,7625.678893185492,5365.828334243956
0.5638789968382873,760,0.5737767977142334,-0.23368109520305286,0.00008164216977628793,706.4065505862236,23.60147826789469,-266.5685120534763,7649.187,5099.457999999999,7625.585521732105,5366.026512053475
0.5647868008626773,761,0.5736848014172641,-0.2338474624182961,0.00006435035266659476,707.0376247555018,23.666641207858333,-266.80665325157287,7649.187,5099.457999999999,7625.520358792141,5366.264653251572
0.5656946048870672,762,0.5736063796338169,-0.23406848537921907,0.00004520872389728373,707.7564129650593,23.708076149152845,-267.0778940878085,7649.187,5099.457999999999,7625.478923850847,5366.535894087807
0.5666024089114572,763,0.5735416950052434,-0.23432429673541677,0.00002146620605479587,708.5293741434813,23.733782915890913,-267.3695775539882,7649.187,5099.457999999999,7625.453217084109,5366.827577553987
0.5675102129358471,764,0.5734900549715215,-0.2345932008257779,-0.00000343530149622397,709.324723392725,23.754325002609193,-267.6697093488559,7649.187,5099.457999999999,7625.432674997391,5367.127709348854
0.5684180169602371,765,0.5734442638466575,-0.23485464514862406,-0.00002841408519582315,710.1071300268173,23.77773928474386,-267.9649571379622,7649.187,5099.457999999999,7625.409260715256,5367.422957137961
0.569325820984627,766,0.5733957422291149,-0.2350907149626992,-0.00004809034759348089,710.8495150089265,23.81243388878943,-268.2451024167502,7649.187,5099.457999999999,7625.374566111211,5367.703102416749
0.570233625009017,767,0.5733380104481091,-0.2352870536925576,-0.00006267503065141765,711.5267136275769,23.863839769200553,-268.50064906759667,7649.187,5099.457999999999,7625.3231602308,5367.958649067596
0.5711414290334069,768,0.5732653426291726,-0.2354311940639669,-0.00007439732840115374,712.1100396245719,23.93409461725284,-268.72077208731105,7649.187,5099.457999999999,7625.2529053827475,5368.17877208731
0.5720492330577969,769,0.5731718367732656,-0.23552131377046756,-0.00007701368662444028,712.5915280103684,24.022087497131707,-268.902465819435,7649.187,5099.457999999999,7625.164912502868,5368.360465819434
0.5729570370821868,770,0.5730582250473716,-0.2355525991266424,-0.00007314100010828538,712.9497473657132,24.1247360507285,-269.0376429358756,7649.187,5099.457999999999,7625.062263949271,5368.4956429358745
0.5738648411065768,771,0.5729270011451028,-0.23552677398334848,-0.0000713288192315535,713.1783485382796,24.237852018836833,-269.12390753007304,7649.187,5099.457999999999,7624.949147981163,5368.5819075300715
0.5747726451309667,772,0.5727867040183328,-0.2354567372183366,-0.00007085500713099133,713.302640080452,24.35757434977276,-269.1708099992393,7649.187,5099.457999999999,7624.829425650227,5368.628809999238
0.5756804491553567,773,0.5726422321492974,-0.23535411702112716,-0.00006369803821498697,713.3384355843068,24.477780170330504,-269.1843177366645,7649.187,5099.457999999999,7624.70921982967,5368.642317736663
0.5765882531797466,774,0.5724991046697443,-0.23523275177608835,-0.0000555578135360371,713.3105060607195,24.59342874256535,-269.1737782937066,7649.187,5099.457999999999,7624.593571257435,5368.631778293706
0.5774960572041365,775,0.5723582099272988,-0.23510387304132635,-0.00004523095014420422,713.2384788572789,24.700248738924074,-269.14659821669204,7649.187,5099.457999999999,7624.486751261076,5368.604598216691
0.5784039039266133,776,0.572216555630077,-0.23496809472474184,-0.00003623279299248348,713.1100457191468,24.792957231737034,-269.0981328811118,7649.187,5099.457999999999,7624.394042768263,5368.556132881111
0.5793117506490901,777,0.5720739811030301,-0.23482286386273124,-0.000028371087678454137,712.9121932059527,24.869297901133592,-269.0234715547064,7649.187,5099.457999999999,7624.317702098866,5368.481471554705
0.5802195973715669,778,0.5719297913984819,-0.23466445561018856,-0.000024107673046263783,712.6366955161095,24.930039532728443,-268.91951016137745,7649.187,5099.457999999999,7624.256960467272,5368.377510161376
0.5811274440940437,779,0.5717917219526117,-0.23448408413887023,-0.000018437171077186414,712.2651693433523,24.977379986204596,-268.77931160435867,7649.187,5099.457999999999,7624.209620013795,5368.237311604357
0.5820352908165205,780,0.5716690514685892,-0.23428053957549008,-0.000006571312357078899,711.8034349143505,25.014773524345145,-268.60507219562055,7649.187,5099.457999999999,7624.1722264756545,5368.0630721956195
0.5829431375389973,781,0.571568696417375,-0.23405193093343216,0.000004916290884668177,711.2553744733334,25.04565127497409,-268.39825693299866,7649.187,5099.457999999999,7624.141348725026,5367.856256932997
0.5838509842614741,782,0.571495702753934,-0.23379956545309585,0.00001348127542571588,710.6269906401635,25.07091919061608,-268.1611309560842,7649.187,5099.457999999999,7624.116080809384,5367.619130956083
0.5847588309839509,783,0.5714538081394542,-0.23353376889402216,0.000025733604864640666,709.9472960531712,25.090789355773012,-267.90464243038326,7649.187,5099.457999999999,7624.096210644227,5367.362642430382
0.5856666777064277,784,0.5714431276026639,-0.23326398586619984,0.00003889036896553906,709.2397123932839,25.104280224050058,-267.6376297261367,7649.187,5099.457999999999,7624.08271977595,5367.0956297261355
0.5865745244289045,785,0.5714572258550471,-0.23299832357753406,0.0000516383055258881,708.5200373351574,25.108923812832984,-267.36605423006074,7649.187,5099.457999999999,7624.0780761871665,5366.824054230059
0.5874823711513812,786,0.5714937218440663,-0.23274353698123584,0.00006303600416942076,707.7988708585501,25.101696735312743,-267.09391593455297,7649.187,5099.457999999999,7624.085303264687,5366.551915934551
0.588390217873858,787,0.5715477330988104,-0.23250673777406866,0.00008080776052041486,707.0861138910055,25.07894089168488,-266.82495103872003,7649.187,5099.457999999999,7624.108059108315,5366.282951038719
0.5892980645963348,788,0.5716206607506492,-0.2322948521531712,0.00009622393849221142,706.3935940980912,25.03791812404876,-266.5636228126276,7649.187,5099.457999999999,7624.149081875951,5366.021622812626
0.5902059113188116,789,0.5717192087693648,-0.23211764706178142,0.00011042076169089837,705.745284575224,24.977519824934262,-266.3189777074578,7649.187,5099.457999999999,7624.209480175065,5365.776977707456
0.5911137580412884,790,0.5718382459467107,-0.23197860155712474,0.00012326841132207351,705.1481537938118,24.896758299418394,-266.0936453350863,7649.187,5099.457999999999,7624.290241700582,5365.551645335085
0.5920216047637652,791,0.5719715246356617,-0.23188198044516825,0.0001316795600815253,704.6101026356221,24.794180732993397,-265.8906071603578,7649.187,5099.457999999999,7624.392819267006,5365.348607160357
0.592929451486242,792,0.5721127282281355,-0.23183632004434412,0.00013955958207899873,704.1556661248208,24.670170093724693,-265.71912168304084,7649.187,5099.457999999999,7624.516829906275,5365.177121683039
0.5938372982087188,793,0.5722563887162642,-0.23184172783418136,0.00015077327886765652,703.7851240575314,24.524720214542754,-265.57929448657933,7649.187,5099.457999999999,7624.662279785457,5365.037294486578
0.5947451449311956,794,0.5724047103257612,-0.23189353043903005,0.0001607343868504871,703.4929146826267,24.36059140605431,-265.469026796944,7649.187,5099.457999999999,7624.826408593945,5364.927026796942
0.5956529916536724,795,0.5725500094465775,-0.2319893778809634,0.00016771013877608557,703.2784556269646,24.18000726534484,-265.388098850683,7649.187,5099.457999999999,7625.006992734655,5364.846098850681
0.5965608383761491,796,0.5726872357697921,-0.23211919159282338,0.00017528814013708722,703.1235979646444,23.98659820684543,-265.32966199645153,7649.187,5099.457999999999,7625.200401793154,5364.78766199645
0.5974686850986259,797,0.5728121229795976,-0.23227279767686668,0.00018304661563851615,703.0149386435747,23.785884659579068,-265.2886584786978,7649.187,5099.457999999999,7625.401115340421,5364.746658478696
0.5983765318211027,798,0.5729271663145585,-0.23243083120822905,0.0001897363758087158,702.9167769342662,23.584529091586973,-265.2516163239085,7649.187,5099.457999999999,7625.602470908413,5364.7096163239075
0.5992843785435795,799,0.5730334194322065,-0.23257348702083933,0.000194553184048696,702.7924556016923,23.389290760780995,-265.20470261308117,7649.187,5099.457999999999,7625.797709239219,5364.66270261308
0.6001922252660563,800,0.5731299497430974,-0.23268163565462285,0.00019575471151958812,702.6069828987122,23.206854854105444,-265.1347129132137,7649.187,5099.457999999999,7625.980145145894,5364.592712913212
0.6011000719885331,801,0.5732147294269908,-0.23274206278064033,0.0001947994689914313,702.339139443636,23.04295349301779,-265.03363991038884,7649.187,5099.457999999999,7626.144046506982,5364.491639910388
0.6020079187110099,802,0.573286808197715,-0.23273984788071025,0.00019248902560635046,701.960493656993,22.902371204083323,-264.8907547065965,7649.187,5099.457999999999,7626.284628795916,5364.348754706595
0.6029157654334867,803,0.5733479175255516,-0.2326666625729474,0.00018577762293544683,701.4605507016182,22.789807003600714,-264.7020969858898,7649.187,5099.457999999999,7626.397192996399,5364.160096985888
0.6038236121559635,804,0.5734006827059659,-0.23252436132691123,0.00017888395538384264,700.8520183742047,22.708128124761913,-264.4724621432904,7649.187,5099.457999999999,7626.478871875238,5363.930462143289
0.6047314588784403,805,0.5734459863281249,-0.23232520829070696,0.0001686176117712801,700.1683983176947,22.6572252005096,-264.21449230832417,7649.187,5099.457999999999,7626.52977479949,5363.672492308323
0.605639305600917,806,0.5734819031004472,-0.2320839993680607,0.00015699931082400407,699.4441164076329,22.63470526915893,-263.94117837754,7649.187,5099.457999999999,7626.552294730841,5363.399178377539
0.6065471523233938,807,0.5735021731567382,-0.23181659163431687,0.00014264782669869337,698.7071547389031,22.63464041357014,-263.6630796321211,7649.187,5099.457999999999,7626.55235958643,5363.12107963212
0.6074549990458706,808,0.5735073198145085,-0.23153746624426408,0.00012455828856338153,697.9830733299256,22.651619321888035,-263.38984136212406,7649.187,5099.457999999999,7626.535380678112,5362.847841362122
0.6083628457683474,809,0.57349841611342,-0.23126316078966314,0.00010781580626964569,697.308436101675,22.68224494339958,-263.13526127370136,7649.187,5099.457999999999,7626.5047550566005,5362.5932612737